cup	on	table
bird	above	tree
fish	in	water
book	beside	lamp
car	in	parking
box	under	chair
picture	on	wall
bike	behind	house
cat	inside	house
chair	beside	sofa
kite	in	sky
dog	on	beach
phone	in	pocket
book	on	desk
man	on	bike
child	in	stroller
flower	in	pot
cat	on	lap
boat	on	lake
hat	on	head
shoe	on	foot
chair	under	table
baby	in	crib
key	in	lock
pen	in	hand
bird	in	nest
car	in	garage
boy	beside	girl
box	beside	book
fish	on	ice
woman	on	horse
tree	in	garden
key	on	keychain
cat	under	couch
phone	in	bag
girl	on	shoulders
dog	beside	owner
bag	on	shoulder
dog	in	kennel
picture	in	frame
boy	in	bathtub
car	on	road
cup	in	hand
boy	beside	friend
cat	on	cat tree
girl	on	swing
man	on	motorcycle
cat	in	house
hat	in	closet
baby	on	chest
book	in	library
dog	in	car
man	in	office
key	on	keyring
girl	beside	brother
car	behind	truck
man	on	bicycle
boy	in	playground
fish	on	coral
cat	beside	mouse
picture	on	canvas
dog	on	leash
girl	on	horseback
cat	under	bed
boy	in	classroom
car	in	driveway
man	beside	woman
cat	in	basket
picture	in	album
boy	beside	sister
dog	in	yard
car	on	highway
cat	on	fence
man	in	meeting
woman	on	stage
girl	on	trampoline
cat	in	carrier
boy	beside	park
car	in	alley
man	on	train
dog	in	park
picture	on	wall clock
boy	in	elevator
girl	on	slide
car	behind	van
man	beside	colleague
dog	on	pier
cat	in	carrier bag
picture	on	mirror
boy	in	playroom
cat	on	mat
girl	beside	neighbor
car	in	lot
man	on	skateboard
woman	in	restaurant
picture	in	picture frame
cat	under	stairs
boy	in	pool
car	on	ramp
man	in	church
girl	on	seesaw
dog	in	hotel
picture	on	wall art
car	behind	bus
man	on	horse
girl	in	shopping cart
cat	in	attic
boy	on	swing set
car	in	traffic
man	beside	stranger
dog	on	dock
picture	on	placemat
boy	in	treehouse
car	on	boat
man	in	meeting room
woman	beside	coworker
cat	on	pillow
boy	beside	baby
dog	in	crate
picture	in	photo album
apple	on	counter
dog	under	bed
kite	above	building
book	on	shelf
cup	in	sink
bike	on	sidewalk
bird	on	branch
key	in	pocket
table	beside	sofa
cat	on	windowsill
pencil	on	desk
flower	in	vase
chair	behind	couch
boat	in	harbor
book	on	nightstand
rabbit	in	cage
chair	beside	desk
pen	in	pencil case
table	in	dining room
book	beside	radio
boy	on	couch
dog	on	rug
box	in	storage
key	on	hook
cat	on	chair
girl	on	horse
book	on	bookshelf
fish	in	aquarium
box	beside	box
cat	beside	dog
picture	on	fridge
pen	on	table
girl	beside	mom
box	on	pallet
boy	on	swing
book	on	coffee table
dog	beside	park
table	in	living room
boy	on	skateboard
car	beside	motorcycle
cat	in	box
dog	on	porch
book	beside	pillow
girl	beside	sister
boy	beside	dad
cat	beside	cat
picture	on	door
dog	in	house
book	on	mantle
car	in	parking lot
box	in	drawer
cat	under	cabinet
boy	on	tricycle
bird	on	tree branch
cat	on	cabinet
picture	on	clock
girl	beside	cousin
boy	on	skateboard ramp
dog	beside	fence
girl	on	beach
box	on	crate
boy	beside	brother
picture	on	wall hanging
dog	on	grass
cat	beside	bed
book	on	easel
car	in	drive
girl	on	swing set
dog	in	backyard
cat	on	couch
picture	on	shelf
girl	beside	grandma
boy	on	chair
box	in	storage unit
dog	on	porch swing
book	on	stand
picture	on	easel stand
boy	on	bike
cat	beside	litter box
car	in	parking garage
pencil	in	backpack
dog	near	park
child	in	crib
chair	beside	couch
box	under	bed
bike	on	bike rack
rabbit	in	burrow
chair	at	desk
suitcase	in	airport
fish	near	coral
box	in	trunk
pen	in	pocket
house	near	beach
person	on	train
book	beside	computer
chair	in	corner
cat	under	table
rabbit	on	fence
box	in	attic
cat	on	roof
key	in	purse
fish	near	river
chair	in	foyer
person	in	office
box	under	stairs
book	on	bedside table
person	on	escalator
chair	beside	fireplace
fish	in	pond
child	in	shopping cart
car	on	autobahn
person	in	elevator
fish	near	seaweed
cat	on	bed
key	in	door
rabbit	on	rock
chair	in	entrance
book	on	console
box	in	basement
person	on	bus
fish	in	lake
chair	at	table
child	on	knee
book	on	dresser
car	on	expressway
rabbit	in	meadow
key	in	wallet
person	on	ladder
chair	in	hallway
box	in	shelf
car	in	alleyway
fish	near	reef
person	in	theater
car	on	highway exit
book	on	piano
cat	in	laundry basket
dog	on	sidewalk
chair	at	counter
person	on	bridge
box	under	shelf
cat	on	shelf
rabbit	in	burrow entrance
fish	in	ocean
chair	in	nook
dog	on	path
person	on	stairs
picture	on	easel
boy	near	playground
ball	under	table
chair	next	sofa
phone	on	desk
plant	in	pot
dog	behind	fence
house	on	hill
bicycle	in	garage
person	at	airport
chair	beside	bed
flower	in	garden
tree	beside	road
computer	on	desk
vase	on	table
clock	on	wall
person	in	tunnel
car	over	bridge
leaf	on	tree
box	in	cabinet
book	in	backpack
person	in	crowd
bird	above	building
car	through	tunnel
box	beside	chair
ball	in	air
person	at	concert
bird	in	birdhouse
flower	in	bouquet
vase	on	mantle
person	on	mountain
bird	over	field
box	in	boxcar
person	in	line
bag	in	bag
book	in	suitcase
car	across	street
bird	in	sky
person	on	beach
pen	in	cup
person	in	audience
fish	in	stream
box	in	container
bird	above	water
book	in	textbook
bag	on	hook
bird	over	mountain
flower	in	potting soil
chair	beside	chair
person	on	stage
cat	beside	food bowl
person	beside	chair
ball	in	basket
apple	in	fruit bowl
shoe	on	rack
door	beside	frame
glass	on	table
bike	in	shed
coin	in	purse
box	on	desk
chair	behind	sofa
book	under	bed
phone	on	nightstand
person	in	bed
dog	beside	person
phone	in	case
box	beside	door
book	on	stack
car	outside	house
box	in	crate
picture	on	desk
plant	on	windowsill
person	above	ground
cup	on	saucer
chair	beside	table
bike	in	storage
box	on	shelf
phone	in	phone case
person	in	pool
glass	on	shelf
cup	in	mug
box	in	box
plant	beside	plant
person	beside	person
book	on	ledge
person	above	tree
tree	above	house
book	beside	book
dog	beside	dog
plant	in	garden
bike	in	garage
chair	beside	window
car	beside	car
person	in	bathtub
glass	in	cup
phone	on	hook
box	on	counter
dog	beside	chair
car	in	yard
person	above	cloud
picture	on	picture frame
plant	on	desk
chair	behind	chair
bike	beside	fence
cat	beside	person
car	outside	park
book	on	paper
person	in	room
car	beside	sidewalk
dog	beside	doghouse
tree	in	forest
person	beside	river
person	in	airplane
book	on	table
box	in	package
plant	beside	garden
book	beside	friend
picture	on	board
person	in	swimming pool
dog	beside	gate
person	above	mountain
book	beside	desk
picture	on	picture
box	in	truck
person	in	boat
plant	beside	path
book	beside	bookshelf
car	beside	parking lot
house	near	school
dog	on	couch
girl	in	classroom
pen	on	desk
mouse	on	keyboard
boy	at	table
dog	outside	yard
kite	in	wind
person	on	bike
ball	on	field
box	inside	boxcar
book	under	table
chair	in	library
bag	over	shoulder
rabbit	in	hutch
boy	beside	pool
flower	beside	rose
dog	behind	couch
person	on	horse
boy	at	beach
pen	in	pen holder
book	above	piano
dog	in	carrier
bird	in	aviary
dog	on	rock
bird	above	ground
dog	beside	pool
car	on	ferry
flower	on	vase
person	at	podium
bird	on	tree
box	inside	truck
car	in	tunnel
boat	on	dock
book	above	table
book	in	bag
picture	on	tv
bird	above	house
girl	beside	pool
flower	beside	bush
book	above	bookshelf
person	on	chair
box	inside	cabinet
book	in	folder
dog	beside	friend
boy	under	blanket
plane	above	clouds
house	beside	river
girl	on	bed
boat	on	water
doll	on	shelf
dog	under	table
box	in	room
woman	beside	man
bike	on	road
bird	outside	window
book	in	hand
man	under	bridge
plane	on	runway
doll	in	dollhouse
tree	above	ground
clock	in	pocket
bird	on	wire
fish	in	tank
picture	on	frame
cat	in	litter box
pen	on	clipboard
rabbit	in	enclosure
dog	under	staircase
house	in	neighborhood
boy	in	bed
fish	in	aquarium tank
man	beside	chair
book	in	bookshelf
girl	in	school
rabbit	on	grass
house	on	beach
bird	above	clouds
boat	in	marina
cat	in	bag
girl	in	playground
dog	under	bridge
boy	in	room
car	in	depot
man	beside	fire
house	beside	lake
boat	on	pier
girl	on	trapeze
car	in	showroom
bird	in	tree
boy	on	surfboard
cat	in	shelter
rabbit	on	grassy hill
fish	in	river
chair	on	floor
box	under	table
person	in	car
dog	beside	bed
phone	on	table
bird	above	birdhouse
doll	in	box
toy	on	floor
pen	in	jar
toy	in	container
bird	above	pool
key	beside	door
cat	beside	window
person	beside	pool
ball	on	ground
pen	on	paper
book	in	case
cat	in	alley
bird	on	perch
key	in	keyhole
flower	beside	garden
toy	on	table
book	beside	clock
cat	on	table
bird	above	lake
book	on	music stand
ball	in	net
cat	beside	computer
book	beside	television
person	on	surfboard
toy	in	game
cat	beside	fireplace
person	on	skateboard
bird	above	cloud
cat	in	cabinet
key	on	pegboard
flower	beside	vase
person	on	bicycle
dog	on	walk
key	in	locker
toy	on	rack
book	beside	globe
dog	in	basement
person	on	boat
dog	beside	river
key	on	clipboard
house	next	street
kite	on	string
box	inside	cupboard
apple	on	plate
man	at	desk
bird	perched	tree
car	under	bridge
girl	in	pool
ball	in	hand
bird	in	cage
house	beside	school
child	near	sandbox
bird	flying	sky
cat	in	blanket
car	near	highway
dog	beside	house
person	at	beach
child	in	pram
bird	near	feeder
dog	on	mat
man	at	office
boy	in	boat
tree	above	lake
person	near	bus stop
book	beside	table
boy	near	friend
car	under	awning
girl	in	water
bird	flying	over
house	beside	neighbor
book	on	night
car	near	exit
bird	above	field
tree	in	orchard
boy	near	playground equipment
cat	on	couch cushion
house	next	restaurant
car	near	intersection
person	at	door
girl	beside	doll
car	under	canopy
tree	in	park
bird	on	branch again
car	near	store
person	near	stoplight
child	in	carriage
dog	beside	path
bird	in	coop
car	in	station
girl	beside	mirror
tree	above	village
person	at	bus
book	on	side table
dog	in	shelter
boy	near	skateboard park
car	near	crosswalk
house	beside	park
book	in	library bookshelf
person	in	taxi
car	on	road again
dog	beside	door
bird	flying	low
tree	in	woods
person	near	monument
box	beside	computer
door	on	hinges
pencil	in	cup
key	in	ignition
ball	in	goal
bird	in	bush
book	in	bookstore
box	beside	printer
cat	under	bedframe
pencil	on	table
person	on	roller coaster
bike	in	alley
cat	beside	heater
key	in	drawer
bike	on	street
person	in	meeting
chair	beside	piano
cat	in	closet
dog	in	pen
bike	in	parking garage
book	on	tablecloth
cat	on	scratching post
chair	under	desk
dog	beside	bathtub
book	in	library catalog
bike	on	hill
book	on	coaster
key	on	chain
bike	in	bike rack
dog	in	yard fence
kite	on	line
book	beside	vase
cat	in	cat carrier
person	in	classroom
dog	on	doghouse roof
chair	under	staircase
book	in	classroom
key	on	ring
bike	in	storage room
book	on	nightstand lamp
bike	on	driveway
chair	beside	doorway
book	in	library shelf
kite	in	air
bike	on	path
dog	in	playpen
book	on	desk calendar
chair	on	floor rug
cat	on	tablecloth
key	in	keychain
bike	in	garage attic
box	on	table runner
chair	beside	tv
bike	beside	road
dog	near	house
box	inside	room
person	near	lake
box	on	table
person	near	pool
child	on	shoulders
cat	in	catbed
person	in	wheelchair
car	on	train
fish	on	hook
child	in	cart
person	near	tree
chair	on	chairlift
person	on	boardwalk
cat	on	catwalk
person	in	lifeboat
bird	in	flock
chair	in	waiting room
dog	in	doghouse
person	near	beach
cat	in	hiding
person	in	hot air balloon
cat	in	scratching post
chair	in	conference room
dog	on	pavement
person	in	subway
car	in	airport
rabbit	in	warren
bird	in	treehouse
cat	in	cupboard
chair	in	auditorium
dog	in	dog park
box	in	compartment
person	near	harbor
cat	in	bedroom
chair	in	meeting room
bird	in	roost
person	near	pier
chair	in	conservatory
box	in	warehouse
cat	in	hiding place
person	near	dock
child	on	back
chair	in	lecture hall
person	in	hot tub
apple	on	desk
house	beside	road
tree	near	stream
woman	in	office
book	beside	cup
person	on	plane
bike	on	rack
kid	in	park
table	beside	wall
cup	in	cabinet
person	above	pool
tree	above	river
key	in	safe
kid	on	swing
person	beside	lake
box	on	top
key	on	door
dog	under	bench
pencil	in	jar
person	in	hospital
box	under	bridge
tree	near	cliff
car	in	shed
person	beside	window
box	under	stair
key	in	lockbox
person	above	stage
dog	in	shed
box	beside	bag
car	behind	car
flower	on	table
cat	on	wall
key	in	box
car	in	storage
person	above	hill
box	under	deck
key	on	handle
person	in	tent
box	under	roof
dog	on	bed
car	in	space
flower	on	branch
person	in	bus
book	in	bookcase
box	in	cupboard
apple	in	basket
chair	in	room
table	against	wall
door	in	house
pencil	in	pencil case
book	inside	bookcase
tv	in	living room
keyboard	on	computer
file	in	folder
bottle	in	fridge
bag	in	backpack
book	at	desk
person	inside	car
pencil	on	paper
bottle	in	recycling bin
phone	in	purse
bag	in	closet
plant	in	greenhouse
book	in	archive
phone	in	phone booth
book	in	school
person	in	meeting room
bag	on	head
book	in	storage
picture	in	collage
bike	in	repair shop
phone	in	wallet
book	in	reading nook
bag	in	suitcase
plant	in	potting shed
book	in	attic
picture	on	calendar
phone	in	receiver
person	in	movie theater
bike	in	workshop
person	on	stagecoach
bag	on	shoulder strap
book	in	vault
picture	in	scrapbook
person	in	airport
bike	on	tow truck
car	in	dealership
chair	on	dais
picture	on	picture board
phone	in	charging station
bag	in	luggage rack
book	in	database
person	in	lecture hall
bike	in	repair shop garage
picture	on	sticker
book	on	coffee cup
car	in	repair shop
book	in	file cabinet
phone	in	phone dock
cat	beside	basket
bird	above	branch
dog	in	garden
child	in	sandbox
door	in	frame
bookshelf	on	wall
house	in	street
book	on	lap
cat	beside	table
book	in	briefcase
box	on	truck
house	on	cliff
cat	in	bed
man	in	building
car	on	railroad
key	in	handbag
picture	in	portfolio
cat	on	window
book	in	collection
picture	on	screen
car	on	mountain
box	in	carton
key	in	mailbox
dog	in	enclosure
picture	on	postcard
cat	beside	couch
car	in	bay
ball	on	grass
plant	in	soil
box	inside	house
toy	under	bed
cat	beside	food
car	beside	road
girl	in	room
child	in	car
boy	beside	father
bird	on	roof
toy	in	toybox
boy	in	bedroom
cup	in	cupholder
boy	in	bathroom
book	on	counter
toy	beside	doll
girl	beside	friend
bird	in	garden
bird	above	mountain
boy	beside	mother
toy	in	playroom
boy	in	hallway
girl	in	home
bird	above	sea
toy	in	box
bird	above	hill
bicycle	near	door
fruit	on	fruit stand
mouse	on	computer
book	under	cushion
bird	near	bird feeder
baby	in	carriage
picture	above	fireplace
person	under	umbrella
child	on	swing
dog	near	fire hydrant
chair	behind	door
picture	above	door
child	in	car seat
dog	near	tree
book	under	pillow
person	beside	fire
flower	in	potpourri
picture	above	table
cat	on	cushion
book	under	mattress
key	in	keyring
flower	beside	garden gnome
cat	in	hiding spot
person	on	treadmill
child	in	playground
cat	in	scratching pad
person	beside	ocean
kid	near	playground
chair	in	living
boat	on	shore
girl	behind	boy
girl	in	front
flower	above	ground
girl	beside	boy
clock	in	wall
kid	in	backyard
woman	in	car
car	behind	house
woman	near	man
boy	in	school
woman	near	door
boat	in	dock
girl	in	line
woman	beside	husband
dog	on	fence
kid	in	pool
girl	in	picture
boat	on	waves
woman	in	meeting
computer	on	table
person	above	chair
bird	perched	branch
suitcase	in	airplane
plant	on	table
bicycle	beside	fence
chair	under	bridge
flower	on	balcony
pen	beside	pencil
person	above	bridge
bird	singing	branch
computer	in	office
bird	flying	tree
key	in	glove compartment
person	in	house
clock	beside	wall
box	beside	shelf
bicycle	in	shed
person	in	store
picture	above	mantle
flower	on	windowsill
car	outside	parking
person	beside	road
chair	in	courtyard
bicycle	beside	path
flower	in	garden bed
book	on	desk organizer
pen	beside	eraser
person	above	park
bird	flying	lake
chair	under	awning
flower	on	tablecloth
person	beside	riverbank
bird	singing	tree branch
chair	beside	pool
person	above	cliff
flower	in	planter
cat	on	stairs
clock	beside	bedside table
bicycle	in	storage room
chair	in	lobby
pen	in	notebook
picture	on	wall decor
flower	in	flowerbed
chair	beside	pond
book	in	handbag
person	beside	stream
picture	above	fireplace mantel
bird	flying	mountain
cat	on	fence post
chair	in	hallway closet
bicycle	beside	sidewalk
cat	beside	pillow
woman	in	library
bicycle	beside	mailbox
table	on	desk
phone	in	hand
boy	in	sandbox
cat	in	cat house
car	beside	bus
book	beside	phone
man	in	suit
umbrella	in	closet
child	in	playpen
toy	on	shelf
woman	on	chair
vase	in	cabinet
pen	on	notebook
bag	in	purse
cat	over	fence
bike	beside	car
dog	on	dog bed
child	beside	adult
toy	in	toy box
book	on	bookcase
dog	beside	tree
man	in	boat
car	beside	truck
bike	on	grass
book	beside	coffee table
child	beside	sibling
flower	on	stem
woman	in	store
girl	in	hospital
bag	on	back
bike	on	pavement
dog	beside	child
woman	on	couch
kid	next to	swing
rabbit	inside	cage
door	above	lock
cat	above	litter box
vase	on	shelf
person	behind	door
phone	beside	computer
book	on	floor
person	above	crowd
cup	in	holder
dog	under	stairs
bag	on	suitcase
picture	on	mantle
car	above	road
person	behind	curtain
cat	above	scratching post
person	in	plane
cat	in	cat tree
dog	on	patio
person	on	roof
car	beside	train
dog	beside	water
car	above	highway
person	beside	tree
book	on	magazine rack
person	behind	desk
cat	above	litter
chair	beside	tablecloth
cat	in	houseplant
car	above	intersection
picture	on	album
cat	above	cabinet
chair	on	floor tile
rabbit	in	habitat
box	on	boxcar
cat	on	sofa
man	in	house
chair	on	porch
box	beside	bookshelf
woman	on	stairs
man	on	boat
book	beside	chair
bike	on	stand
box	beside	piano
ball	on	racket
woman	on	ladder
chair	on	balcony
dog	in	cage
box	on	bookshelf
man	on	unicycle
box	in	closet
woman	on	skateboard
dog	beside	walkway
bag	on	luggage rack
chair	on	tablecloth
man	in	airport
box	beside	fireplace
boy	on	cliff
bike	on	track
chair	on	dock
woman	on	mountain
girl	on	tightrope
ball	on	bat
book	beside	fireplace
box	on	countertop
bag	on	backpack
cat	in	secret passage
man	on	stagecoach
car	on	pier
box	beside	desk
woman	on	waterslide
boy	on	rope
bag	in	briefcase
man	on	rollercoaster
cat	on	curtain
box	on	podium
paper	on	clipboard
bookshelf	beside	sofa
door	above	doorway
kid	in	bed
bag	in	pocket
person	in	train
bag	on	luggage
animal	in	cage
clock	in	alarm
book	in	drawer
car	above	bridge
kid	in	playground
picture	on	poster
book	beside	bed
key	in	fob
car	beside	highway
bike	in	rack
book	beside	couch
clock	on	clock tower
bird	in	habitat
bag	in	bagel
person	in	helicopter
cat	on	ledge
box	in	shipment
car	above	lake
cat	in	cage
car	in	parking space
bag	on	strap
person	on	trampoline
bird	in	nestling
car	beside	field
girl	near	playground
house	behind	fence
girl	above	slide
doll	on	table
chair	in	living room
box	beside	bookcase
boy	behind	door
book	on	chair
cat	beside	owner
girl	on	bike
chair	in	study
pencil	in	hand
doll	on	highchair
box	beside	radiator
boy	in	swimming pool
girl	above	swing
cat	behind	curtain
girl	in	auditorium
car	on	parking lot
doll	in	stroller
box	beneath	stairs
picture	on	window
girl	near	park
car	on	sidewalk
doll	on	floor
cat	in	carrier box
girl	on	surfboard
chair	in	study room
box	under	mattress
boy	above	jungle gym
girl	in	dormitory
picture	on	billboard
box	in	storage room
chair	beside	door
girl	above	tree
girl	near	lake
dog	near	door
woman	in	house
boy	on	bicycle
man	beside	lake
man	on	roof
cup	beside	plate
man	in	car
table	beside	bed
woman	on	bed
man	in	garden
tree	above	grass
woman	beside	window
bicycle	on	street
book	under	bookshelf
man	on	mountain
woman	in	hotel
cup	in	cupcake
woman	in	room
chair	on	deck
ball	in	hoop
bicycle	on	track
woman	beside	mirror
man	on	island
cup	in	glass
rabbit	on	path
dog	in	field
man	in	studio
fish	near	rocks
woman	on	cliff
bicycle	in	storage
rabbit	in	hole
man	on	mountain peak
woman	beside	bed
bicycle	on	bike path
chair	on	patio
cat	in	window
woman	in	bathroom
man	beside	stream
bicycle	on	trail
woman	in	apartment
car	in	park
chair	on	veranda
man	on	mountain top
boy	on	scooter
book	in	journal
bicycle	on	sidewalk
fish	in	sea
man	beside	fireplace
woman	standing	corner
cat	behind	door
car	outside	garage
fish	on	plate
dog	on	pillow
man	on	bench
bird	singing	tree
boy	above	play structure
girl	in	bathroom
bird	nesting	nest
dog	on	chair
bird	chirping	branch
ball	on	court
cat	in	cardboard box
cat	on	window sill
car	on	street
cat	on	back
cat	behind	wall
bike	on	trail
bird	flying	horizon
bird	perched	tree branch
car	outside	building
dog	in	bathtub
person	on	horseback
bird	singing	morning
person	in	gym
bike	on	mountain bike trail
bird	in	nest box
person	on	balcony
bike	on	beach
car	on	highway ramp
dog	in	kennels
person	in	waiting room
bike	on	sidewalk path
dog	in	apartment
cat	on	bookshelf
chair	near	fire
dog	beside	pillow
box	inside	fridge
leaf	on	branch
baby	in	stroller
rabbit	on	carrot
child	on	trampoline
box	inside	box
book	beside	magazine
rabbit	on	lettuce
picture	in	photo frame
dog	in	bed
leaf	on	leafy branch
rabbit	in	basket
tree	above	power line
kid	on	slide
bird	on	wire mesh
rabbit	on	hay
dog	beside	couch
flower	on	rooftop
tree	behind	fence
ball	under	net
girl	in	bathtub
boy	behind	tree
cat	beside	bird
dog	beside	cat
phone	in	phonecase
boy	on	boat
man	on	ladder
woman	in	garden
girl	on	roller skates
dog	on	skateboard
boy	in	cave
girl	in	cave
car	in	highway
bird	above	nest
dog	in	pool
cat	in	bathtub
box	under	couch
girl	behind	door
bird	above	bird
boy	on	roof
girl	on	roof
dog	in	closet
sun	above	cloud
kite	above	ground
bag	beside	suitcase
tree	beside	stream
table	on	legs
man	beside	horse
girl	in	sandbox
cat	on	furniture
girl	in	playhouse
man	on	horseback
house	on	stilts
bike	on	train
cat	on	catnip
house	in	village
cat	in	apartment
car	behind	taxi
girl	in	kindergarten
man	beside	friend
house	on	island
girl	in	ballet class
cat	on	rug
car	behind	ambulance
girl	on	balance beam
cat	on	scratching pad
chair	under	bed
bag	beside	door
apple	on	fruit plate
car	parked	street
bird	nesting	tree
dog	off	leash
child	on	lap
rabbit	hopping	meadow
bag	in	hand
bird	perched	windowsill
person	in	hotel
box	inside	closet
car	parked	parking lot
dog	off	walk
person	in	garden
rabbit	hopping	field
bird	flying	air
rabbit	in	burrow hole
box	inside	suitcase
person	in	office building
cat	on	rock
chair	under	chairlift
car	parked	lot
dog	in	room
bird	flying	around
rabbit	hopping	hill
box	on	box
person	in	bathroom
bird	flying	across
house	behind	hill
key	under	mat
child	in	bed
bird	near	window
person	on	rollercoaster
bird	in	flight
key	in	hand
bird	above	ocean
boat	in	lake
dog	on	table
person	in	park
bag	in	luggage
car	in	city
person	on	ferris wheel
dog	behind	door
bike	on	bike path
person	in	conference
book	on	reading desk
person	in	stadium
dog	behind	gate
book	on	coffee mug
car	on	speed bump
bag	in	compartment
person	in	queue
bird	in	flocking
car	in	highway exit
key	in	pocket knife
book	on	laptop
house	near	park
shoe	beside	chair
girl	at	window
tree	near	river
man	behind	curtain
door	behind	wall
sun	under	umbrella
woman	near	mirror
box	beside	bed
boy	under	bed
dog	off	road
tree	behind	shed
man	on	stairs
shoe	in	closet
tree	above	road
dog	beside	road
boy	near	pool
dog	in	trailer
tree	beside	river
man	on	phone
dog	off	sidewalk
book	on	desk drawer
boy	near	fence
tree	near	house
boy	on	seesaw
shoe	in	shoe rack
dog	in	garage
tree	behind	house
dog	beside	car
key	on	belt
book	on	nightstand drawer
boy	in	playpen
girl	near	bench
boy	at	gate
dog	off	trail
book	under	pillowcase
man	on	computer
shoe	in	shoebox
key	in	cabinet
boy	on	climbing frame
cat	on	countertop
student	in	classroom
computer	on	lap
fruit	in	fruit bowl
bookshelf	beside	door
student	on	bus
clock	in	clock tower
clock	on	wall clock
cat	in	cat bed
car	on	mountain road
cat	on	soft cushion
person	in	hotel room
book	on	reading chair
book	in	book bag
toy	on	toy shelf
person	in	restaurant
car	on	highway on ramp
dog	on	agility course
picture	in	frame set
book	in	book club
person	above	sea
bike	on	mountain road
key	on	desk
bird	beside	birdhouse
rabbit	beside	carrot
fish	above	water
bike	in	shop
phone	on	counter
car	in	museum
car	on	driveway
book	on	cart
dog	beside	bone
clock	on	mantle
book	in	binder
rabbit	in	hut
phone	on	wall
phone	beside	bed
bicycle	on	roof
mouse	under	computer
boy	in	car
child	on	horse
doll	on	bed
woman	on	bicycle
book	beside	reading chair
bird	in	forest
key	in	keycard
girl	on	bicycle
tree	beside	house
bike	in	closet
cat	over	chair
man	in	bathtub
dog	on	bench
cat	in	hole
man	in	gym
cat	over	wall
bird	near	lake
cat	in	dumpster
kid	in	sandbox
bird	in	field
man	in	tent
kid	on	seesaw
cat	over	gate
dog	in	truck
kid	in	playhouse
car	in	street
dog	under	bush
man	in	sauna
bird	near	ocean
cat	in	pantry
dog	in	office
car	in	shop
bird	above	city
cat	over	cliff
dog	in	boat
man	beside	window
car	outside	street
bird	near	stream
car	beside	bicycle
ball	under	chair
snake	in	hole
dog	beside	fire
snake	on	rock
flower	on	plant
girl	in	library
snake	beside	snake
baby	in	car
man	in	conference
dog	in	sandbox
boy	on	trampoline
girl	in	park
snake	in	snake pit
baby	in	bathtub
boy	in	field
snake	beside	rock
dog	in	water
boy	in	office
snake	on	branch
rabbit	beside	lettuce
snake	in	nest
baby	on	lap
girl	in	store
snake	beside	stick
cat	on	desk
boy	in	hospital
rabbit	on	wall
car	in	road
snake	on	log
cat	beside	fish
girl	on	pony
snake	in	cave
boy	in	library
boy	next to	girl
flower	near	garden
child	inside	house
ball	on	table
house	in front of	school
man	behind	gate
bicycle	near	bike rack
child	beside	brother
doll	in	crib
boy	above	playground
kite	above	city
car	near	road
car	on	hill
child	above	playground
book	beside	pencil
car	near	traffic light
girl	in	garden
man	beside	table
tree	near	lake
man	on	stage
car	beside	bike
girl	in	playroom
bicycle	on	rack
boy	above	monkey bars
girl	above	trampoline
man	above	crowd
man	beside	door
girl	in	bedroom
car	near	airport
tree	above	stream
girl	on	ice skates
chair	in	waiting area
girl	above	playground
person	standing	bridge
flower	on	rock
box	next	to bookshelf
person	at	desk
ball	over	net
person	standing	beach
rabbit	eating	food
dog	chasing	ball
bird	flying	wing
rabbit	hiding	bush
cat	sleeping	bed
person	in	shower
ball	bouncing	floor
cat	playing	string
bird	chirping	tree
rabbit	eating	carrot
dog	wagging	tail
dog	running	park
bird	singing	song
book	in	basket
car	on	bridge
rabbit	eating	lettuce
book	in	reading chair
cat	sleeping	blanket
plant	beside	window
woman	behind	man
baby	on	mother
woman	behind	curtains
cup	on	tray
flower	in	field
man	in	airplane
woman	on	throne
child	beside	sister
car	in	carport
woman	in	kitchen
rabbit	on	wheel
man	in	restaurant
car	beside	taxi
man	on	mountaintop
picture	on	painting
girl	beside	mother
boy	in	gym
cat	in	cat door
phone	in	cradle
flower	in	flower pot
flower	near	pond
bottle	on	shelf
box	on	cart
bag	in	trunk
bag	on	bagpack
bottle	on	wine rack
phone	on	table top
flower	on	bouquet
chair	in	house
box	in	shed
book	in	reading room
clock	in	kitchen
picture	on	menu board
box	on	crate cart
key	in	purse wallet
picture	on	photo frame
bag	in	handbag
box	in	storage bin
key	in	toolbox
girl	behind	brother
chair	next to	sofa
box	beside	toy
house	above	ground
book	near	shelf
ball	near	home
hat	on	hat rack
dog	near	garden
book	beside	bookcase
cat	under	bush
dog	in	houseboat
hat	on	headboard
dog	in	tent
key	in	trunk
book	in	magazine
box	beside	boxcar
chair	under	beam
dog	near	lake
hat	on	hatstand
box	on	dresser
kite	above	treetops
cat	in	shed
chair	under	stairs
car	beside	bus stop
chair	beside	bench
bird	near	nest
cat	near	feeder
mouse	on	pad
box	beside	tv
door	on	frame
key	in	bag
bird	in	air
clock	in	room
dog	under	couch
man	in	attic
phone	in	car
bird	in	cloud
bag	on	hanger
bird	near	birdhouse
man	in	room
pencil	in	pencilcase
pen	in	penholder
bird	on	fence
apple	in	lunchbox
picture	on	wallframe
chair	on	stairs
tree	beside	pond
car	in	factory
apple	in	fruitbowl
key	in	glovebox
flower	on	patio
person	in	school
bird	on	beam
car	in	building
key	in	zipper
car	in	intersection
picture	in	catalog
chair	on	steps
car	in	mall
person	in	auditorium
flower	on	garden
pencil	in	case
girl	on	swings
hat	on	rack
boy	beside	lake
man	above	water
bag	inside	car
man	beside	wall
child	beside	pool
man	above	hill
child	beside	car
key	in	pocketbook
woman	beside	lake
book	under	bedspread
girl	in	house
man	beside	mountain
bird	in	clouds
cat	on	windows
boy	beside	river
woman	in	office building
girl	in	class
man	beside	ocean
man	above	city
dog	in	home
dog	beside	woman
shoe	under	bed
apple	on	table
computer	on	floor
door	beside	door
hat	in	hatrack
phone	on	cradle
clock	on	clock radio
girl	on	scooter
child	beside	baby
car	on	drive
cat	in	tunnel
phone	on	phone booth
hat	on	hat stand
picture	on	monitor
phone	on	bedside table
chair	on	cliff
girl	on	skateboard
bag	on	cart
chair	on	hill
chair	near	door
man	above	bicycle
kite	above	field
man	in	tunnel
flower	on	pot
bicycle	on	road
man	above	mountain
man	in	cave
kite	above	lake
rabbit	on	leaf
man	above	cloud
kite	above	sea
ball	on	mat
tree	above	cliff
man	above	skyscraper
kite	in	thunderstorm
book	beside	picture frame
tree	above	mountain peak
man	in	monastery
rabbit	in	cage again
fish	on	plate again
man	above	waterfall
kite	above	tornado
chair	under	tablecloth
bird	in	nest again
dog	beside	pond
bike	near	station
house	beside	garden
ball	above	net
man	near	door
cat	above	cat tree
car	near	fuel pump
phone	beside	speaker
man	above	grass
dog	near	bus stop
woman	on	train
cat	on	counter
tree	near	pond
dog	above	doghouse
car	near	beach
woman	beside	phone booth
cat	on	stool
man	in	workshop
cat	on	porch
dog	near	park bench
woman	above	staircase
man	near	playground
house	behind	hillside
man	beside	bench
cat	above	shelf
woman	on	escalator
bike	near	bike rack
car	near	gas station
woman	above	balcony
car	on	track
house	beside	apartment building
cat	above	chair
car	near	bus stop
house	behind	waterfall
man	beside	piano
dog	near	picnic
house	beside	riverbank
woman	above	dance floor
car	on	road sign
house	behind	hillside view
pencil	in	bag
person	beside	bed
pen	in	holder
book	beside	reader
box	beside	package
picture	on	wall hook
flower	beside	bouquet
picture	in	gallery
person	on	couch
car	on	side street
book	on	pillow
key	on	buckle
dog	beside	bowl
bike	beside	tree
bag	on	chair
man	beside	river
chair	behind	table
person	beside	pond
woman	on	beach
man	in	hospital
child	in	school
bike	beside	bike rack
car	behind	police car
bike	beside	pedestrian
car	in	traffic jam
dog	at	gate
bag	beside	chair
pen	on	floor
girl	in	swimming pool
man	in	jail cell
child	in	high chair
hat	on	coat hook
bike	on	trainer
man	in	prison cell
kid	on	tricycle
rabbit	on	leash
man	in	museum
man	in	cell phone
boy	on	balance beam
rabbit	on	carrot stick
girl	in	wheelchair
house	on	riverbank
bag	in	storage
man	in	forest
child	on	seesaw
man	in	library
house	in	woods
key	on	table
rabbit	under	bush
house	beside	house
tree	in	backyard
doll	in	playhouse
cat	in	home
bird	in	birdcage
rabbit	beside	cage
bird	in	sanctuary
boy	in	apartment
cat	on	carpet
car	on	pavement
picture	in	magazine
doll	in	playset
rabbit	beside	rabbit
car	parked	garage
bike	near	road
dog	outside	house
kid	playing	park
boy	jumping	trampoline
car	moving	highway
dog	walking	sidewalk
book	open	lap
person	typing	computer
box	on	chair
girl	running	playground
cat	hiding	closet
man	sitting	couch
bike	locked	bike rack
child	eating	restaurant
woman	working	office
car	speeding	highway
dog	barking	yard
person	walking	street
book	reading	bookshelf
child	playing	game
dog	lying	floor
bike	parked	driveway
woman	shopping	mall
cat	meowing	windowsill
boy	climbing	jungle gym
person	dancing	stage
car	moving	traffic
cat	watching	bird
person	standing	corner
boy	jumping	hurdles
dog	fetching	stick
bike	racing	track
rabbit	eating	carrots
woman	talking	phone
person	typing	keyboard
book	closed	cover
child	laughing	playground
dog	sniffing	flower
cat	purring	lap
person	smiling	camera
bike	speeding	downhill
car	braking	stop
woman	working	desk
cat	playing	ball
boy	throwing	ball
person	walking	beach
dog	running	track
car	turning	corner
woman	dancing	dance floor
rabbit	hopping	grass
person	singing	shower
book	bookmarked	page
dog	sitting	porch
child	coloring	picture
bike	rolling	sidewalk
cat	scratching	post
person	reading	newspaper
dog	barking	alarm
car	parking	garage
woman	cooking	kitchen
boy	playing	video game
cat	chasing	laser
person	typing	email
dog	howling	moon
book	highlighted	text
rabbit	jumping	fence
person	working	project
dog	digging	sandbox
bike	leaning	rack
car	idling	driveway
woman	watching	tv
cat	sleeping	hammock
boy	building	castle
person	meditating	lotus
cat	watching	clock
person	running	marathon
car	stopping	traffic light
woman	browsing	internet
bike	cycling	path
rabbit	nibbling	carrot
person	painting	canvas
dog	playing	fetch
child	learning	alphabet
car	cruising	highway
woman	chatting	phone
person	working	gym
dog	running	agility
cat	climbing	curtains
boy	reading	book
book	bookmarked	place
rabbit	eating	salad
person	dancing	waltz
dog	sitting	quiet
child	beside	crib
tree	near	park
cat	in	litterbox
woman	in	bathtub
door	above	archway
picture	beside	mirror
man	on	chair
book	beside	reading stand
cat	in	housecat
cat	beside	scratching post
man	in	office building
woman	in	fitness class
cat	in	hidden compartment
book	beside	nightstand
picture	on	computer screen
girl	in	art class
girl	in	dance class
cat	beside	food dish
woman	in	hotel room
man	in	factory
car	on	railroad tracks
woman	beside	friend
dog	beside	water bowl
girl	in	school hall
woman	on	exercise bike
cat	beside	litterbox
man	in	office cubicle
book	in	school bag
car	on	road trip
cat	in	secret compartment
dog	in	dog bed
man	on	park bench
cat	on	tree branch
girl	in	music class
pen	in	bag
man	standing	mountain
sun	in	sky
key	on	board
person	standing	building
leaf	on	plant
woman	standing	beach
man	in	shower
leaf	on	wind
snake	in	grass
sun	on	skin
tree	on	hill
man	in	elevator
dog	running	field
baby	in	car seat
man	in	prison
cat	on	keyboard
snake	in	basket
person	under	bridge
person	between	doors
person	at	top
chair	at	side
person	at	bottom
cat	beside	vase
person	inside	house
chair	behind	pillar
ball	in	bucket
car	outside	yard
book	in	box
key	beside	keyhole
chair	at	corner
person	at	top floor
ball	above	hoop
person	at	bottom floor
chair	on	pier
dog	off	property
chair	at	window
person	at	entrance
book	on	pedestal
car	outside	gate
chair	on	boat
book	on	rack
dog	next to	cat
person	inside	building
fruit	in	bowl
bike	beside	gate
man	near	fire
mouse	in	computer
person	on	mountaineering
person	above	ladder
person	inside	airplane
mouse	beside	computer
book	on	bookstand
bike	near	sidewalk
chair	beside	kitchen
pen	beside	paper
car	near	roadblock
person	near	park
box	beside	table
chair	in	dining room
dog	beside	baby
person	on	kayak
pen	beside	notebook
piano	in	living room
person	in	doorway
bookshelf	against	wall
guitar	on	stand
box	inside	package
mirror	above	sink
bicycle	against	wall
plate	on	tablecloth
hat	on	hook
person	in	jail
phone	on	phone stand
vase	in	bouquet
cat	on	cat tower
clock	in	tower
vase	on	tablecloth
child	in	bathtub
bike	on	mountain
book	beside	music stand
clock	in	clockwork
person	on	bench
person	in	prison
picture	on	sign
person	in	jail cell
cup	in	cupboard
doll	on	music box
boy	on	horseback
cat	in	hammock
bike	on	trailer
car	in	garage stall
boy	on	roller coaster
book	in	schoolbag
car	in	parking spot
boy	on	train
dog	beside	dog bed
boy	on	kayak
cat	in	cat tower
girl	on	diving board
tablecloth	on	table
child	beside	parent
globe	on	shelf
suitcase	on	suitcase
keychain	on	keychain
book	on	reading table
chair	in	restaurant
book	in	library cart
dog	on	dog leash
car	in	garage apartment
chair	on	beach
person	near	window
mouse	under	couch
coin	in	wallet
person	above	boat
pencil	on	floor
person	under	bed
book	near	fireplace
person	at	bus stop
bird	on	power line
dog	near	fence
book	at	table
leaf	on	grass
person	near	river
chair	on	table
person	near	gate
picture	on	piano
toy	on	desk
child	on	tricycle
person	under	awning
flower	on	ground
dog	near	path
picture	on	dresser
toy	in	basket
doll	beside	teddy
doll	in	toy box
toy	in	playground
doll	on	stool
doll	beside	mirror
toy	on	hook
doll	on	chair
chair	on	chair
doll	in	playpen
picture	in	hall
toy	on	wall
doll	beside	window
book	on	sideboard
picture	in	museum
book	in	bookbag
toy	on	toy box
doll	in	playroom
piano	on	stage
mouse	in	hole
cat	in	litter
vase	on	dresser
cat	beside	chair
cat	on	floor
snake	in	water
pen	on	penholder
bird	above	cliff
cat	beside	bookshelf
vase	on	pedestal
chair	near	couch
doll	in	carriage
clock	in	case
pen	on	paperclip
chair	near	fireplace
key	in	glove
pen	on	string
clock	on	stand
book	beside	reading lamp
doll	in	cart
pen	in	inkwell
book	on	bookmark
bag	on	tray
key	in	pocket protector
car	on	airport
bike	on	path bike
chair	near	fireplace hearth
house	on	lake
pen	on	paper clip
bike	on	crosswalk
sun	above	horizon
door	above	threshold
paper	on	desk
woman	in	mirror
tree	above	roots
child	on	knees
car	on	wheels
person	in	water
dog	on	lead
car	above	ground
bag	on	hip
person	beside	door
picture	in	book
tree	above	branches
car	in	speedometer
picture	in	calendar
child	on	mother
cat	above	cat tower
bike	near	lake
child	under	table
ball	on	string
flower	above	pot
box	beside	window
dog	near	mailbox
car	beside	street
book	under	couch
man	in	plane
ball	near	hole
bike	in	lockup
cat	beside	door
bike	near	bridge
bird	above	treehouse
bike	in	garage sale
child	under	umbrella
cat	on	top shelf
bike	near	railroad
child	on	chair
bike	near	pond
child	under	tablecloth
cat	beside	mirror
ball	on	trampoline
bike	near	crosswalk
tree	behind	garden
boy	above	box
kite	above	hill
man	above	bridge
girl	in	swing
chair	on	dolly
bird	beside	bush
boy	in	tunnel
girl	in	playpen
ball	above	rope
boy	in	jungle gym
girl	beside	tree
girl	in	stroller
dog	beside	mailbox
ball	in	hole
girl	beside	bench
boy	in	greenhouse
man	in	mine
boy	in	observatory
fish	above	ocean
boy	above	cloud
picture	on	magnet
girl	in	restaurant
dog	beside	sidewalk
ball	on	plate
man	in	stadium
car	above	hill
picture	above	clock
man	in	train
girl	under	bridge
piano	in	room
student	in	bus
bookshelf	in	hallway
bag	on	wheel
flower	beside	bird feeder
bird	above	tree branch
dog	near	gate
child	under	blanket
man	behind	door
house	in	city
mouse	under	chair
tree	above	bench
boy	behind	father
bookshelf	beside	chair
flower	above	planter
girl	under	stairs
girl	above	jungle gym
cat	in	room
girl	in	bed
book	in	portfolio
girl	above	seesaw
car	in	line
dog	in	alley
woman	in	studio
girl	beside	playmate
girl	in	ballet studio
book	beside	plant
picture	above	doorway
cat	in	storage room
woman	in	art gallery
car	behind	garage
bike	beside	park
rabbit	under	fence
ball	in	playground
man	beside	tree
table	under	ceiling
flowers	in	garden
man	in	bathroom
leaf	on	stem
man	in	store
girl	in	schoolbus
leaf	in	stream
boy	in	park
car	behind	building
man	in	hall
man	in	yard
girl	in	car
mouse	on	desk
car	behind	semi
book	in	pocket
person	on	trapeze
car	behind	school
box	in	shipping
box	in	shipping container
key	in	backpack
box	on	stack
book	on	magazine
chair	on	ground
person	beside	fireplace
chair	near	window
doll	on	toybox
baby	on	pillow
doll	beside	ball
car	on	beach
baby	in	swing
tree	near	garden
person	on	mountain trail
cat	under	house
tree	on	island
dog	next	house
book	beside	laptop
table	in	room
man	over	bridge
child	under	stairs
woman	above	ocean
cat	beside	bowl
table	beside	chair
chair	behind	tv
child	beside	friend
man	under	umbrella
table	in	corner
car	in	lane
woman	above	hill
man	in	van
cat	in	carrier case
table	on	ground
bird	above	forest
book	beside	newspaper
woman	beside	phone
flower	on	wall
plane	above	airport
girl	in	boat
mouse	under	keyboard
house	above	garden
man	under	awning
man	in	tub
bird	above	meadow
house	in	valley
car	above	overpass
dog	on	stairs
boy	in	tent
man	under	roof
house	above	mountain
man	under	canopy
man	in	hotel room
apple	on	branch
plane	in	sky
bear	in	cave
car	on	parking
tree	on	cliff
boat	on	beach
woman	on	bench
man	under	tree
house	on	lot
bird	in	thorn
house	on	corner
tree	on	mountain
bear	in	den
man	on	wall
car	on	lot
house	on	street
cloud	in	sky
leaf	on	ground
tree	in	yard
fish	swimming	ocean
leaf	in	pond
person	on	swing
bird	flying	overhead
boat	on	river
leaf	in	wind
person	on	motorcycle
tree	above	meadow
flower	in	greenhouse
car	on	highway overpass
tree	beside	mountain
book	under	chair
sun	above	clouds
bird	beside	lake
baby	in	womb
person	in	building
tree	beside	path
ball	near	basket
child	beside	mother
bike	near	garage
tree	near	forest
boy	beneath	pillow
door	on	hinge
man	near	fence
ball	in	court
boy	beneath	bed
girl	near	pond
boy	in	hammock
ball	near	wall
cat	beside	box
dog	beneath	stairs
girl	near	river
boy	on	ladder
chair	beside	coffee table
girl	near	zoo
dog	beneath	bridge
boy	in	airplane
girl	near	beach
boy	in	submarine
piano	beside	window
woman	behind	curtain
child	near	park
house	above	cliff
dog	near	river
girl	behind	teacher
man	near	city
cat	above	blanket
table	above	floor
book	near	reader
house	near	highway
tree	above	forest
girl	above	clouds
cat	beside	wall
car	beside	carport
woman	on	balcony
girl	behind	gate
cat	beside	plant
boat	near	shore
man	near	sea
woman	beside	chair
table	above	tablecloth
girl	behind	bus
house	near	town
woman	behind	screen
girl	above	hill
tree	above	mountain
cat	above	bed
house	above	hill
book	beneath	pillow
cat	above	house
boy	in	store
book	beside	piano
girl	on	stage
girl	on	rope
boy	in	basement
book	beneath	floor
cat	on	top
child	on	wheel
chair	behind	gate
cat	above	cat
car	on	runway
girl	on	stairs
chair	behind	tree
bird	near	flowers
book	beside	tablecloth
chair	beside	wall
bird	above	roof
bike	on	ramp
chair	behind	screen
river	in	valley
cat	in	suitcase
rabbit	on	table
woman	in	shop
bird	beside	feeder
book	in	reading book
box	on	floor
leaf	in	tree
rabbit	beside	food
book	in	library book
leaf	on	leaf branch
rabbit	beside	water
rabbit	beside	burrow
vase	beside	mirror
dog	behind	house
cat	near	fireplace
person	at	reception
dog	beside	fire hydrant
person	at	counter
cat	in	carrier crate
person	on	train platform
rabbit	on	lawn
cat	near	window
person	on	ferry
person	at	border
car	on	boulevard
person	on	mountaintop
box	on	rack
vase	beside	vase
rabbit	under	bridge
key	in	compartment
box	on	pile
cat	near	christmas tree
car	beside	building
ball	above	basket
person	next to	pillar
key	under	couch
bike	on	car
chair	in	kitchen
man	above	stairs
person	near	microphone
ball	in	pool
boy	beside	bicycle
girl	above	stage
dog	at	window
girl	in	theater
dog	near	pond
cat	in	boxcar
boy	in	attic
person	near	ocean
girl	in	church
girl	beside	swing
dog	in	pound
girl	in	studio
cat	under	bedspread
man	near	waterfall
girl	above	rope
dog	on	couch cushion
bike	on	bridge
boy	beside	pier
house	behind	garden
man	near	mountain
fish	inside	aquarium
table	beside	desk
bird	above	feeder
girl	at	school
man	near	river
ball	under	tablecloth
tree	near	road
cat	near	door
man	near	bridge
tree	above	clouds
woman	in	theater
cat	near	food
ball	under	cover
man	above	roof
girl	at	party
rabbit	in	pen
cat	on	blanket
car	on	path
tree	near	shore
man	above	sea
book	on	lapdesk
cat	in	laundry
girl	in	club
girl	on	tricycle
girl	on	swingset
dog	under	car
girl	beside	fountain
cat	under	bridge
boy	on	unicycle
rabbit	in	den
girl	in	tent
dog	on	carpet
girl	on	waterslide
boy	in	cockpit
girl	beside	river
boy	in	airport
girl	on	pier
boy	in	rocket
cat	under	tablecloth
rabbit	on	garden gate
girl	beside	lake
man	next to	woman
ball	under	bed
girl	behind	mother
boy	above	swing
boy	in	wagon
dog	in	basket
cat	under	blanket
man	in	shop
girl	behind	father
boy	in	cart
man	in	warehouse
tree	above	castle
person	behind	tree
bike	against	wall
bookshelf	beside	window
cup	on	shelf
door	behind	kitchen
book	next	magazine
toy	under	couch
animal	in	zoo
door	to	hallway
pen	in	pencil
chair	in	chairlift
door	to	room
animal	in	enclosure
flower	in	soil
box	on	ledge
door	to	outside
person	in	hospital room
bird	in	fowl enclosure
chair	in	parlor
man	walking	street
sun	over	horizon
car	driving	road
car	parked	driveway
bird	perched	wire
car	racing	track
sun	setting	sky
person	in	library
bird	flying	freely
car	parked	sidewalk
sun	rising	horizon
bird	flying	away
car	driving	highway
car	on	truck
person	under	cover
sun	shining	sunbeam
dog	on	dogwalk
bird	flying	high
bird	singing	melody
cat	on	ladder
person	on	dock
bird	flying	rapidly
dog	on	floor
car	parked	parking
person	in	museum
car	in	harbor
bird	flying	south
car	driving	through
sun	shining	brightly
cat	in	container
boy	in	house
bookshelf	in	library
woman	at	work
boy	under	table
cat	beside	catnip
woman	near	store
flower	in	flowerpot
man	in	bedroom
man	in	conference room
boy	on	horse
woman	on	phone
tree	behind	bush
man	at	meeting
cat	beside	toy
woman	near	entrance
woman	in	cafe
woman	near	window
woman	in	hospital
dog	in	kennel run
woman	in	waiting room
car	in	queue
man	in	lobby
man	on	treadmill
flower	in	bouquet of flowers
ball	under	couch
door	above	doorframe
door	beside	entrance
person	above	stairs
bike	on	sidepath
ball	in	socket
bag	on	bagtag
box	beside	crate
person	in	carriage
box	in	chest
door	on	doorknob
bird	above	nestling
bag	on	belt
car	on	island
door	beside	handle
bike	on	towpath
book	beside	notebook
chair	on	staircase
box	in	casefile
bag	in	satchel
door	above	frame
book	beside	dictionary
chair	under	couch
bookshelf	beside	computer
man	behind	woman
kid	beside	playmate
doll	beside	teddy bear
fish	above	aquarium
girl	near	friend
kid	in	bathtub
boy	above	sandbox
girl	under	umbrella
child	beside	mom
kid	on	horse
girl	in	car seat
kid	beside	brother
woman	in	wheelchair
kid	above	playground
dog	next	to house
man	standing	by river
boy	sitting	on steps
woman	walking	on beach
bird	perched	on branch
kid	playing	on swings
person	standing	by door
car	next	to bus
bird	singing	on roof
dog	running	around corner
person	sitting	on bench
woman	reading	on bed
kid	riding	on bike
fish	swimming	in ocean
car	driving	down road
bird	flying	over sea
dog	barking	at door
man	working	on computer
cat	sleeping	on mat
person	standing	on bridge
car	parked	on street
tree	growing	in forest
bird	singing	in forest
dog	running	on beach
kid	playing	in park
ball	bouncing	on ground
woman	walking	on sidewalk
person	sitting	in chair
car	moving	on highway
bird	perched	on roof
dog	sitting	on porch
person	standing	on stage
shoe	on	shelf
kid	jumping	on trampoline
cat	pouncing	on toy
person	reading	on couch
car	driving	in traffic
dog	barking	at mailman
bird	flying	through sky
boat	sailing	on river
kid	climbing	on jungle gym
flower	blooming	in garden
car	parked	in garage
person	walking	on path
dog	wagging	its tail
cat	scratching	on post
bird	nesting	in nest
woman	sewing	on machine
person	standing	on mountain
kid	playing	with friends
car	speeding	on highway
dog	chasing	squirrel
bird	flying	over field
person	sitting	on porch
flower	growing	in pot
kid	riding	on horse
cat	purring	on lap
car	turning	on corner
bird	singing	in morning
dog	running	in park
person	standing	on cliff
shoe	on	floor
kid	playing	with ball
woman	cooking	in kitchen
car	driving	on road
bird	flying	through clouds
dog	barking	at stranger
cat	sleeping	on windowsill
kid	playing	in playground
shoe	in	box
car	parked	in lot
dog	running	on treadmill
person	walking	on beach
flower	blooming	in flowerbed
kid	riding	on scooter
cat	playing	with yarn
car	speeding	through tunnel
dog	chasing	rabbit
bird	flying	over forest
table	in	garden
photo	on	mantle
tree	beside	lake
coat	in	closet
table	beside	couch
paper	in	folder
photo	in	album
table	in	conservatory
photo	on	fridge
coat	on	hook
plate	in	dishwasher
paper	on	printer
table	beside	window
chair	on	ferry
car	in	storage yard
coat	in	wardrobe
book	in	catalog
chair	in	cafe
box	on	pallet jack
shoe	on	ladder
table	in	hallway
chair	on	bus
box	in	crate carton
car	in	garage sale
table	in	kitchen
book	in	library card
chair	next to	bed
book	next to	notebook
flower	beside	pond
doll	beside	toy box
bike	in	trailer
person	beside	stranger
box	beside	stack
box	in	package box
book	beside	stack
child	beside	father
doll	in	basket
girl	on	hula hoop
child	on	rocking horse
child	beside	dog
child	on	slide
man	in	boardroom
ball	in	field
sun	above	earth
door	beside	wall
key	under	doormat
ball	near	basketball hoop
fish	near	aquarium
table	on	floor
kite	on	wind
chair	beside	pillar
bike	beside	sidewalk
doll	on	dresser
ball	near	goal
sun	in	ocean
book	near	bookmark
phone	on	phone holder
chair	beside	chairlift
chair	under	roof
key	on	hook rack
bike	beside	crosswalk
chair	beside	pillar box
boy	in	dormitory
chair	beside	balcony
pen	in	pocket protector
bike	in	storage unit
sun	above	mountain
apple	on	fruit basket
car	inside	garage
man	behind	car
person	beside	table
dog	near	street
car	in	ditch
ball	near	goalpost
ball	in	netting
bike	near	gate
car	near	gas pump
person	beside	mirror
person	on	cliff
bike	near	park
car	near	toll booth
picture	on	photo
car	in	circle
chair	near	console
person	beside	pier
bike	near	bicycle path
car	in	turnaround
keys	in	purse
horse	in	stable
pig	in	pen
money	in	wallet
dog	under	chair
kite	above	house
dog	on	lawn
man	on	bus
boy	in	dorm
cat	in	cellar
bird	above	pond
dog	on	boat
cat	on	tree
dog	in	cave
car	on	dock
dog	on	trail
cat	on	fencepost
girl	on	stagecoach
dog	in	cellar
boy	on	water
cat	in	garage
man	on	plane
person	behind	wall
person	behind	gate
plant	on	balcony
person	under	staircase
book	under	desk
car	beside	intersection
person	behind	fence
person	above	ocean
person	behind	bars
book	under	shelf
ball	near	net
cat	near	litter
ball	over	fence
person	beside	boat
car	under	overpass
book	beside	music
bird	above	horizon
person	above	water
cat	on	piano
car	over	highway
cat	beside	garden
cat	in	laundry room
person	above	airport
tree	above	hill
man	above	box
woman	beside	computer
chair	on	rug
dog	beside	walker
house	above	lake
dog	beside	leash
house	in	town
bird	over	pond
bird	under	branch
book	beneath	pile
fish	above	coral
person	in	cave
cat	beneath	rug
book	under	stack
person	beside	loved one
dog	beside	other dog
book	beneath	pile of books
cat	beneath	bed
book	beneath	pile of papers
bird	above	river
bicycle	on	stand
bird	above	wire
dog	under	porch
book	beside	reading nook
girl	in	hammock
doll	beside	chair
man	beside	picnic table
bird	above	nest box
person	near	door
picture	above	mantel
boy	in	stroller
bicycle	on	bike rack
boy	near	sink
picture	above	mantelshelf
bicycle	on	lawn
key	inside	house
door	next to	window
fruit	on	table
plant	near	garden
house	next to	house
vase	in	case
person	above	river
house	over	bridge
car	next to	truck
person	near	mountain
dog	next to	doghouse
plant	under	plant pot
box	inside	container
person	on	path
chair	against	wall
chair	next to	couch
person	near	water
dog	next to	house
picture	in	photo
box	inside	envelope
person	near	forest
person	on	rock
car	next to	car
boy	on	bed
book	on	box
chair	in	theater
computer	in	room
toy	in	playpen
chair	in	salon
dog	in	hospital
bike	in	trunk
box	in	suitcase
computer	in	lab
computer	in	computer lab
girl	in	shopping mall
bike	on	highway
picture	on	chalkboard
woman	above	man
woman	above	sink
bird	below	tree
man	near	beach
car	below	bridge
woman	in	airplane
tree	above	valley
woman	in	park
woman	near	phone
chair	near	table
dog	above	field
man	in	apartment
woman	beside	sink
tree	above	cloud
book	above	shelf
woman	above	car
man	in	shed
house	above	house
cat	next to	couch
kite	above	cloud
phone	on	speaker
chair	behind	bed
girl	in	doorway
book	in	reader
chair	in	porch
girl	beside	piano
phone	on	speakerphone
dog	in	yardstick
girl	in	hallway
phone	in	charger
cat	in	cave
kid	behind	gate
rabbit	under	basket
boy	beside	bike
ball	under	bridge
kid	under	bed
kid	in	stroller
cup	on	coaster
rabbit	on	tablecloth
kid	in	tub
toy	on	wheelbarrow
kid	on	climbing frame
cat	on	heater
bike	on	dock
kid	in	playpen
dog	next to	couch
box	inside	crate
man	in	jail
man	near	store
key	on	counter
woman	on	plane
man	in	cell
picture	on	card
kid	beside	swing
box	beside	box of chocolates
bookshelf	beside	tv
box	on	top shelf
ball	in	basketball hoop
table	in	restaurant
box	beside	refrigerator
person	under	canopy
table	on	balcony
book	beside	reading table
dog	behind	tree
mouse	under	rug
clock	beside	calendar
car	beside	road sign
clock	in	cabinet
rabbit	beside	rabbit cage
person	on	island
car	beside	traffic light
leaf	in	leafy branch
house	on	slope
tree	above	city
car	in	car park
vase	beside	vase holder
flower	on	flowerbed
person	on	pier
rabbit	on	grassy area
person	in	elevator lobby
girl	behind	wall
ball	on	floor
dog	next	tree
pencil	in	pen
dog	on	hill
tree	in	wood
car	in	warehouse
book	in	desk
chair	on	rooftop
person	near	bus
apple	in	fruit basket
bicycle	beside	road
cat	above	birdhouse
doll	beside	other doll
car	above	other car
toy	in	bag
boy	above	girl
bike	on	hanger
tree	beside	park
car	beside	other car
cat	above	other cat
book	beside	other book
boy	above	other boy
dog	above	other dog
car	above	garage
man	above	ground
table	on	tablecloth
boy	on	swings
rabbit	beside	wall
child	on	bike
table	on	patio
boy	on	board
car	on	parkway
book	on	coffee
dog	in	run
car	above	building
house	on	hilltop
bird	in	fowlhouse
cat	beside	tree
child	on	horseback
rabbit	beside	fence
bird	above	powerline
fish	in	bowl
chair	on	stage
cat	on	lap of owner
person	in	conference room
chair	in	hotel lobby
dog	in	dog run
person	beside	pool table
cat	in	crate
bike	next to	bus
student	at	desk
table	beside	fireplace
bike	parked	street
student	in	lecture hall
person	on	phone
tree	beside	walkway
boy	in	playhouse
man	behind	wall
woman	in	elevator
girl	on	playground
box	in	van
table	in	hall
woman	on	horseback
box	in	packing crate
ball	above	ground
piano	on	floor
tree	under	power lines
door	beside	doorframe
flower	above	grass
person	inside	tent
bike	on	bicycle rack
pen	in	eraser
cat	beside	scratching pad
bike	beside	street
person	inside	room
tree	under	bridge
bike	in	parking lot
cat	beside	trash can
tree	under	tree
person	inside	cabin
book	on	reading stand
boy	near	school
ball	over	goal
cloud	above	mountain
house	beside	garage
book	inside	bag
door	in	hallway
car	beside	park
girl	behind	friend
house	near	lake
car	over	river
girl	in	bath
girl	behind	piano
car	over	hill
house	above	valley
girl	in	dress
house	near	airport
pencil	on	notebook
car	behind	tree
ball	beside	hoop
car	behind	fence
girl	on	bench
bird	beside	window
car	on	dirt
dog	beside	fireplace
car	behind	gate
cat	in	bathroom
car	behind	billboard
flower	beside	garden bench
boy	on	treehouse
girl	at	beach
boy	with	friends
man	in	woods
girl	with	brother
girl	at	pool
girl	with	mother
girl	in	living room
car	in	highway patrol
girl	with	friends
girl	in	backyard
girl	at	park
girl	in	kitchen
girl	in	nursery
lady	in	theater
lady	on	throne
table	on	cart
dog	on	deck
person	in	mall
woman	in	museum
house	on	rock
woman	in	beauty parlor
picture	on	plate
man	beside	pond
woman	on	platform
house	on	shore
car	above	traffic
book	above	reading table
phone	on	receiver
book	above	nightstand
woman	in	classroom
flower	beside	window
woman	beside	baby
book	on	lectern
picture	on	clipboard
child	on	high chair
book	beside	library
flower	in	arrangement
box	in	cargo hold
dog	on	doghouse
bird	above	rooftop
woman	beside	stranger
picture	on	map
car	next	bus
vase	beside	flower
woman	in	crowd
car	next	truck
vase	in	vase holder
boy	in	water
boy	behind	girl
man	in	crowd
woman	in	group
man	beside	bed
bookshelf	in	room
bicycle	beside	tree
man	at	table
man	behind	chair
clock	in	hallway
cat	inside	cupboard
woman	on	bus
woman	in	garden shed
man	in	theater
girl	in	art studio
woman	on	cruise ship
woman	in	kitchenette
boy	in	workshop
cat	under	bed frame
man	on	cliff
woman	beside	fireplace
boy	in	music room
man	in	control room
boy	in	art class
dog	beside	tree stump
woman	in	office space
man	in	meeting hall
girl	in	music hall
kite	above	clouds
girl	behind	curtain
bird	perched	fencepost
girl	on	chair
girl	on	ladder
rabbit	on	wire
girl	in	dollhouse
boy	in	cardboard box
boat	in	slip
man	on	unicycles
woman	on	piano
box	under	staircase
table	on	chair
woman	in	lab
table	in	meeting room
table	on	counter
plant	in	vase
clock	in	watch
table	in	conference room
table	on	porch
car	beside	boat
man	in	uniform
woman	in	home
man	in	business suit
table	in	office
clock	on	shelf
table	on	sideboard
sun	above	sky
piano	in	music room
cup	in	dishwasher
bed	in	bedroom
desk	in	classroom
chair	on	carpet
bag	on	bag hook
person	in	vehicle
chair	on	mat
toy	on	counter
bike	above	ground
picture	on	photo wall
bag	on	handle
dog	in	kennel area
chair	on	hardwood
man	near	lake
bike	behind	car
woman	in	living room
car	behind	train
dog	on	street
bike	in	hallway
car	beside	van
bike	behind	bus
woman	beside	door
woman	beside	couch
bike	in	bike lane
child	beside	bed
picture	on	table
person	on	airplane
book	under	mat
book	in	stack
cup	in	cart
book	in	shelf
girl	in	tub
car	on	roadblock
man	near	woman
student	in	library
house	beside	garden shed
table	under	stairs
bag	in	bagpack
plant	beside	door
book	in	satchel
cup	beside	glass
bag	on	arm
cup	in	jar
flower	in	potting mix
book	on	podium
plant	in	container
cup	in	teacup
clock	in	mechanism
plant	in	flowerbed
man	in	construction
bird	in	nesting box
plant	in	orchard
girl	next	boy
apple	on	tree
boy	with	girl
girl	in	office
girl	near	store
house	in	suburb
bike	in	basement
girl	near	farm
man	on	bridge
girl	in	mall
dog	on	dog walk
girl	in	apartment
boy	in	garage
dog	in	den
girl	in	college
boy	in	backyard
car	on	cliff
girl	next	library
flower	on	flower pot
mouse	in	pipe
person	on	rope
mouse	in	maze
boy	on	mountain
clock	in	attic
mouse	on	ledge
boy	on	beach
mouse	in	wall
house	in	yard
boy	in	tub
bird	above	sky
box	in	case
car	on	dirt road
picture	on	wall shelf
dog	on	roof
man	in	hotel
chair	on	step
wallet	in	purse
tree	above	pond
person	above	waterfall
dog	outside	park
cat	above	door
dog	on	blanket
picture	on	wall decoration
book	on	desk chair
vase	in	vase stand
cat	beside	flowerpot
person	above	staircase
dog	in	house yard
vase	on	coffee table
car	in	entrance
bird	above	fountain
chair	in	doorway
picture	on	clock radio
vase	in	flower shop
vase	on	side table
book	on	console table
dog	in	sunroom
vase	in	hallway
vase	on	console table
ice cream	in	freezer
keys	in	pocket
ladder	against	wall
painting	on	wall
puppy	in	basket
ruler	on	desk
shirt	on	hanger
suitcase	in	luggage rack
teddy bear	in	bed
towel	on	rack
wallet	in	pocket
water	in	lake
wheel	on	bike
window	in	house
yarn	in	basket
yogurt	in	fridge
zookeeper	in	zoo
zoo	in	city
cake	in	oven
desk	in	office
glove	on	hand
hammer	in	toolbox
knife	in	drawer
luggage	in	suitcase
plate	in	cabinet
radio	on	table
rain	in	clouds
ring	on	finger
rope	around	tree
seed	in	soil
shirt	on	back
sign	on	wall
spoon	in	drawer
spoon	in	cup
suitcase	in	trunk
ticket	in	wallet
vest	on	man
water	in	bottle
woman	in	chair
worm	in	earth
xylophone	on	stand
yearbook	in	school
zipper	on	jacket
door	beside	window
plant	beside	lamp
picture	above	couch
toy	inside	toybox
toy	beside	bed
doll	on	lap
clock	beside	bed
chair	under	chair
book	under	blanket
car	above	cloud
clock	beside	nightstand
doll	beside	bed
book	in	library bookcase
bike	in	storage shed
book	beside	side table
clock	in	timepiece
doll	on	lap tray
box	under	bedframe
chair	beside	staircase
phone	on	tablecloth
cat	in	hiding box
bike	in	playground
chair	on	rug pad
clock	above	clock tower
bike	in	cycle rack
apple	on	fruit bowl
mouse	in	laptop
plate	on	table
clock	on	wrist
person	in	submarine
toy	on	toy car
chair	in	stadium
toy	in	playset
book	in	dictionary
ball	on	playground
person	on	surfboard leash
key	on	keychain ring
person	on	tightrope
child	on	mom
girl	near	school
house	near	sea
man	near	computer
cat	in	garden
cat	near	mouse
rabbit	on	cage
sun	in	sunbeam
boy	near	park
bird	near	forest
chair	in	attic
cat	near	toy
sun	in	clear sky
cat	in	catnip
car	in	stadium
car	in	arena
car	on	trail
person	in	cafe
person	beside	garden
fish	in	pool
suitcase	in	closet
house	above	basement
boat	in	ocean
book	beside	picture
leaf	on	leaf
kid	in	crib
car	above	tunnel
cat	beside	cat tree
bicycle	under	bridge
dog	above	obstacle
bicycle	on	path
person	beside	friend
book	above	display
cat	beside	scratcher
car	above	sign
person	beside	child
bag	in	tote
man	near	gate
book	above	computer
chair	on	pedestal
dog	beside	basket
cup	on	plate
phone	in	holder
cup	beside	bowl
woman	beside	pillow
key	on	keyboard
book	beside	bookmark
chair	on	mountain
fruit	on	plate
bird	on	feeder
ball	on	lawn
box	on	boxspring
cat	in	house window
picture	on	canvas print
pen	on	keyboard
pen	in	box
vase	on	console
bird	above	barn
dog	beside	table
flower	beside	rock
ball	under	desk
bird	outside	patio
pen	in	pencil sharpener
car	in	terminal
book	beside	lamp post
flower	beside	flowerpot
chair	in	office
chair	in	classroom
key	on	keycap
girl	in	hotel
phone	on	shelf
man	behind	fence
bike	in	parking
bike	beside	path
kid	in	classroom
bike	near	store
picture	on	mantel
bike	beside	garden
book	beside	pillowcase
picture	above	bed
person	in	apartment
person	in	church
doll	in	toybox
keychain	on	belt
apple	on	fruitstand
key	beside	lock
clock	on	clockradio
picture	in	photoalbum
flower	in	gardenbed
pen	in	pencilcase
car	beside	busstop
cat	in	cardboardbox
flower	on	flowerpot
clock	in	clocktower
dog	beside	porch
pen	on	sticky note
picture	on	wallpaper
book	in	hardcover
clock	on	grandfather clock
book	beside	bookstand
car	in	subway
picture	in	pictureframe
car	beside	crosswalk
key	in	safety box
picture	in	picturebook
book	in	libraryshelf
pen	on	ruler
car	beside	parking meter
chair	beside	loveseat
girl	beside	park
woman	near	lake
house	beside	street
flower	near	path
boy	near	pond
sun	above	sea
chair	beside	bookshelf
boy	near	river
woman	beside	table
cat	beneath	table
tree	above	ocean
tree	above	mountains
house	beside	barn
phone	in	holster
box	in	cart
key	in	pocket watch
boy	in	tree
box	on	crate box
box	in	boxcar box
boy	in	clubhouse
cat	on	cat bed
boy	in	playground equipment
person	standing	door
flower	in	potting
flower	in	bed
cat	beside	litter
box	beside	fridge
girl	on	bridge
car	beside	tree
girl	above	mountain
girl	in	field
bird	singing	bush
girl	on	boardwalk
key	inside	cabinet
ball	beside	girl
key	under	couch cushion
toy	inside	toy box
man	near	street
table	beside	door
picture	above	piano
sun	behind	clouds
man	inside	house
toy	inside	dollhouse
dog	behind	bush
man	beside	riverbank
ball	on	hand
rabbit	on	cage floor
man	behind	fencepost
boy	beside	tree
man	inside	houseplant
sun	above	ocean
boy	on	monkey bars
boy	beside	pond
picture	above	wall
sun	behind	cloud
car	on	road construction
phone	beside	book
child	on	shoulder
tree	beside	building
man	in	hot tub
ball	in	game
child	in	wagon
girl	beside	tablecloth
cat	behind	couch
paper	on	table
bike	on	road bike
bike	in	barn
car	on	highway bridge
kite	above	water
ball	in	goalpost
car	on	roadtrip
ball	under	bench
man	in	laboratory
woman	beside	piano
tree	under	electricity lines
man	on	roller coaster
dog	under	bed frame
woman	in	grocery store
boy	in	school bus
girl	on	ice rink
car	over	tunnel
book	on	coffee table leg
dog	on	dog treadmill
tree	near	mountain
book	beside	mirror
man	in	research laboratory
girl	beside	computer
book	on	library cart
man	on	mountain bike
boy	on	surfboard ramp
car	over	bridge construction
man	in	construction site
girl	beside	easel
dog	in	doghouse yard
man	beside	bookshelf
tree	above	branch
pencil	in	holder
clock	on	mantel
clock	on	radio
chair	under	stair
chair	in	balcony
man	in	kitchen
clock	in	office
phone	beside	desk
bicycle	beside	bike rack
hand	on	keyboard
man	next	building
flowers	in	vase
person	behind	counter
car	behind	car wash
computer	on	laptop stand
key	on	nail
hand	in	glove
car	behind	fire truck
computer	on	monitor
computer	in	data center
book	beside	coffee cup
bicycle	in	rack
key	in	keycard reader
computer	in	server room
dog	beside	grass
book	beside	reading light
child	on	playground
car	behind	fire station
cat	beside	bathtub
key	in	padlock
clock	in	grandfather clock
key	in	lockbox combination
boy	near	swing
door	beside	table
girl	next	playground
lady	on	bike
moon	above	earth
tree	above	root
watch	on	wrist
worm	in	dirt
gate	beside	house
hand	on	handle
kite	below	cloud
mouse	on	cheese
snake	above	grass
snowman	in	yard
window	in	wall
spoon	in	sink
watch	in	box
door	in	doorframe
spoon	on	plate
table	on	shelf
woman	on	bike
snake	in	sand
spoon	in	ice
snake	above	tree
spoon	in	bowl
child	under	staircase
cup	in	cup holder
ball	in	box
man	near	park
pen	in	desk
key	under	table
key	under	pillow
doll	on	mantle
dog	near	picnic area
person	on	mountain peak
chair	on	platform
car	in	gas station
person	near	fountain
person	at	computer
girl	in	dance studio
girl	in	karate class
car	in	carwash
boy	in	sports stadium
car	on	train track
person	in	boardroom
car	in	service station
boy	in	storage room
cat	inside	building
kid	on	swings
table	on	leg
chair	on	desk
man	near	tree
kid	on	trampoline
car	near	bus
table	in	house
cat	on	branch
car	near	station
kid	on	bike
book	in	room
car	near	stop
chair	on	corner
dog	near	water
man	in	bar
boy	between	two chairs
box	inside	shelf
snake	under	rock
kite	in	breeze
dog	beside	dog bowl
bird	on	hook
picture	above	desk
person	on	bed
chair	on	stool
chair	on	bench
apple	in	apple juice
box	on	tray
apple	in	bowl
key	on	rack
apple	in	bag
book	beside	encyclopedia
leaf	in	leafcutter
leaf	on	twig
leaf	in	cup
book	on	coffee shop
leaf	on	blade
bike	in	locker
bike	on	parking rack
book	in	novel
bike	next to	street
girl	standing	bridge
bike	parked	sidewalk
person	sitting	bench
man	standing	pier
girl	playing	playground
car	moving	road
person	crossing	street
man	holding	briefcase
boy	playing	game
ball	bouncing	court
girl	sitting	chair
bike	moving	wheels
dog	running	beach
book	reading	reading desk
person	walking	sidewalk
bird	flying	free
man	sitting	porch
girl	laughing	playground
dog	barking	doghouse
book	holding	hand
person	entering	building
bike	riding	trail
plant	growing	soil
man	looking	mirror
girl	playing	piano
car	stopping	traffic
table	in	cafe
person	standing	queue
bike	parked	rack
book	reading	library
man	walking	bridge
person	talking	phone
bike	moving	gears
dog	wagging	wagging tail
key	unlocking	door
person	running	road
car	accelerating	highway
girl	sitting	desk
bike	parked	parking lot
man	sitting	bench
dog	barking	alert
book	reading	comfort
bike	riding	highway
person	walking	stairs
cat	jumping	fence
bird	flying	freedom
person	entering	house
bike	parked	bike stand
man	looking	newspaper
girl	playing	music
book	reading	magazine
person	standing	line
fish	below	shark
bike	beside	house
man	above	woman
bird	beside	nest
cat	beneath	couch
book	beneath	desk
dog	above	grass
flower	above	flowerbed
man	in	home
snake	above	leaf
fish	beside	coral
bird	beneath	branch
woman	beside	car
snake	beneath	rock
cat	above	roof
fish	beneath	seaweed
book	beneath	bookshelf
man	above	mountain peak
bird	beneath	leaf
flower	above	garden gate
cat	beneath	mat
woman	beside	pool
snake	above	branch
car	in	rush hour
fish	beneath	rock
car	above	highway overpass
snake	in	tunnel
flower	above	bush
snake	beneath	stone
cat	above	radiator
key	inside	door
mirror	on	wall
ladder	against	house
star	in	universe
globe	on	desk
lamp	on	lamp post
lamp	in	lampshade
star	in	constellation
globe	on	globe stand
vase	on	mantelpiece
clock	in	clock radio
plant	in	potting soil
pen	in	pen case
vase	in	flower arrangement
clock	on	wristwatch
plant	in	garden bed
lamp	on	table lamp
vase	in	centerpiece
key	in	keyring holder
mouse	on	mousepad
globe	on	globe base
picture	on	picture wall
vase	in	flower vase
bird	singing	songbird
clock	on	clock tower clock
lamp	on	desk lamp
person	above	floor
apple	in	fridge
baby	on	back
person	above	bed
apple	beside	pear
picture	on	wall hang
apple	on	tablecloth
car	on	speedway
picture	on	cabinet
car	in	toll booth
apple	in	container
person	beside	highway
dog	above	fence
tree	above	garden
paper	in	envelope
dog	at	door
book	on	endtable
box	beside	dresser
flower	in	jar
book	under	bedskirt
dog	beside	trash can
picture	above	tv
book	beside	console table
dog	beside	doghouse door
cat	in	window seat
cat	on	radiator
book	under	bed frame
car	in	garage entrance
dog	beside	playground
book	beside	bookrack
car	on	bike path
flower	beside	plant pot
cat	in	pet carrier
dog	beside	streetlight
book	under	tablecloth
person	above	diving board
boat	on	wave
book	on	table of contents
dog	near	playground
book	on	library shelf
bicycle	on	pavement
fish	swimming	lake
bicycle	on	grass
bicycle	on	bridge
person	on	diving board
car	beside	carpool
book	on	desk lamp
person	in	cab
person	on	unicycle
dog	on	wall
fish	swimming	sea
car	behind	trailer
person	on	tightrope walker
phone	beside	keyboard
bird	perched	birdhouse
knife	in	sheath
fish	below	coral
bird	flying	above
person	on	hill
bird	above	treetops
cat	under	chair
bird	on	bird feeder
book	on	shelf divider
person	on	beach towel
dog	near	bush
bicycle	on	hook
tree	near	riverbank
tree	in	meadow
person	on	dance floor
person	on	cruise ship
bird	perched	rock
phone	in	cell phone
girl	in	building
car	near	traffic
book	in	cart
girl	in	stadium
phone	in	hands
dog	inside	house
clock	beside	clock radio
man	in	wheelchair
flower	on	window
bird	perched	roof
box	inside	drawer
clock	on	nightstand
vase	on	nightstand
box	inside	trunk
child	on	swings
baby	on	hip
leaf	in	storm
car	beside	bridge
leaf	on	tree branch
leaf	in	breeze
child	in	pool
baby	in	arms
hat	on	stand
hat	on	table
phone	on	phonecase
book	in	purse
hat	on	headband
car	in	carpark
hat	on	hatrack
kite	above	wind
star	in	sky
dog	beneath	deck
tree	in	forest fire
tree	in	clearing
person	above	rooftop
tree	in	grove
flower	above	pond
house	on	hillside
house	on	corner lot
shoe	on	footrest
shoe	in	storage
girl	in	play area
book	beside	coffee mug
shoe	on	sole
kid	next	playhouse
bike	near	school
man	standing	river
cat	inside	garage
bike	beside	shed
snake	above	bush
person	standing	road
car	near	hospital
bike	near	highway
bird	perched	beam
woman	in	closet
man	on	hill
snake	above	rock
person	beside	gate
bike	beside	lake
kid	beside	pool
cat	inside	room
bike	near	river
person	on	rooftop
snake	above	cloud
person	beside	path
bike	near	beach
bike	beside	pool
fish	on	scale
car	over	mountain
key	on	key fob
fish	on	grill
phone	in	pocketbook
bicycle	near	park
car	beside	house
table	near	window
cat	on	cat
bag	under	bed
bird	on	wing
cat	in	cat
boy	beside	dog
girl	on	couch
paper	on	clip
leaf	under	leaf
dog	under	fence
leaf	in	air
boat	in	river
bird	on	powerline
person	on	building
kite	in	atmosphere
child	on	pony
cat	beside	human
dog	on	seat
bird	in	branch
cat	in	enclosure
cat	in	hamster cage
flower	in	garden shed
picture	in	collection
book	in	cabinet
cat	on	box
bird	beside	bird
house	over	hill
rabbit	on	exercise
rabbit	on	harness
photo	on	wall
cup	beside	saucer
leaf	on	branchlet
bird	above	chimney
toy	on	high shelf
picture	on	photo album
key	on	keycard
rabbit	beside	feeding trough
picture	on	mirror frame
cat	beside	scratching post pole
book	beside	floor lamp
bird	above	bridge
rabbit	in	cage home
book	on	ottoman
picture	on	picture collage
key	in	keychain holder
book	on	coffee cup table
bird	in	bird feeder
key	on	car keychain
picture	on	gallery wall
pencil	in	desk
flower	on	grass
door	behind	curtain
man	inside	building
lamp	on	table
book	inside	library
book	on	pile
car	under	carport
car	beside	curb
lamp	beside	table
tree	above	ground level
picture	in	picture book
dog	under	bedspread
bird	flying	cloud
car	under	bridge walkway
picture	on	frame wall
flower	on	bush
car	behind	trees
fish	below	water surface
flower	above	soil
person	in	chair
fish	around	coral reef
bird	below	branch
cat	at	window
dog	above	ground
car	above	clouds
cat	outside	house
flower	above	flowerpot
box	at	edge
flower	at	base
car	outside	driveway
picture	beside	wall
box	in	boxcarton
cat	at	feeder
door	in	doorway
box	above	other box
flower	beside	path
key	above	keychain
cat	outside	window
flower	at	stem
picture	beside	frame
person	above	person
apple	on	fruit stand
door	above	window
elephant	beside	pool
fan	above	desk
frog	on	lily pad
guitar	on	wall
hammer	beside	nails
hand	on	piano
horse	in	stall
knife	in	kitchen
lion	beside	lioness
nest	on	branch
ocean	beside	shore
pan	in	oven
rock	on	mountain
shoe	beside	sock
stone	on	road
sunflower	beside	garden
tennis ball	on	racket
turtle	on	log
violin	on	stand
water	in	glass
wheel	on	cart
window	beside	door
wolf	in	forest
yacht	on	sea
zebra	in	zoo
cat	in	playpen
cat	in	office
student	in	school
bike	in	gym
student	on	field trip
toy	in	attic
book	on	nightstand table
student	in	auditorium
person	on	roller skates
bike	in	bicycle rack
picture	on	tv screen
flower	on	stem in soil
bike	on	mountain trail
bookshelf	beside	fireplace
kid	behind	door
plane	above	runway
rabbit	under	bushes
car	parked	curb
bird	singing	birdhouse
car	parked	side street
kid	on	playground
person	beside	park bench
car	parked	drive
bike	on	cycle path
box	on	storage bin
tree	under	roof
bike	on	walkway
keyboard	on	lap
shoes	in	closet
wallet	in	backpack
keychain	on	keyring
calendar	on	wall
pillow	on	bed
clock	in	dashboard
newspaper	on	coffee table
magazine	on	rack
folder	on	file cabinet
notebook	on	table
scissors	in	toolbox
brush	on	easel
paint	on	palette
glass	on	counter
mug	on	saucer
camera	on	tripod
monitor	on	stand
remote	on	coffee table
controller	on	table
pillowcase	on	bed
soap	in	shower
brush	in	holder
bookend	on	shelf
picture frame	on	wall
vase	in	centerpieces
flower pot	on	patio
mirror	in	bedroom
lamp	on	floor
basket	on	counter
pillow	on	couch
magazine	on	table
calendar	in	planner
magazine	in	rack
keychain	in	purse
basket	in	pantry
folder	in	folder organizer
photo	on	phone
keychain	on	backpack
magazine	on	coffee table
clock	on	table
camera	on	stand
flowers	on	table
house	in	garden
fish	on	rock
tree	above	field
pen	on	whiteboard
tree	above	park
house	above	street
girl	in	schoolyard
man	behind	mirror
key	under	sofa
man	on	couch
fish	above	river
boy	in	closet
book	above	desk
man	beside	fence
book	above	chair
doll	on	piano
car	on	tracks
box	on	stage
shoe	beside	door
computer	on	chair
hat	on	shelf
plant	on	window
vase	on	stand
bird	on	cliff
vase	in	vase
person	on	mountain bike
tree	beside	garden
book	above	bookcase
person	near	waterfall
tree	above	forest fire
car	beside	bike lane
cat	beside	toy box
car	beside	truck stop
car	above	road sign
book	on	music sheet
person	near	shore
car	beside	boat launch
person	above	tower
car	in	rest stop
suitcase	on	cart
car	on	airport tarmac
doll	on	counter
car	in	storage unit
car	on	boat dock
picture	on	phone screen
car	on	airport runway
paper	in	file
cup	in	jug
key	under	door
doll	inside	toy box
car	at	station
rabbit	on	foot
car	at	intersection
flower	on	potpourri
bicycle	beside	garage
key	outside	door
tree	above	path
clock	inside	clock tower
man	above	building
pencil	inside	pencil case
phone	inside	phone booth
key	outside	gate
table	under	bed
bicycle	above	ramp
girl	above	ladder
table	inside	room
boy	in	college
flower	on	garden bench
key	outside	keychain
man	above	podium
book	in	anthology
cat	beside	feeder
key	inside	keycard
girl	above	treehouse
man	beside	companion
house	in	development
girl	in	dorm
book	in	bestseller
key	outside	lockbox
book	in	magazine rack
cat	in	tent
rabbit	on	fence post
book	on	reading pillow
kite	on	windy day
bird	on	branch of a tree
book	in	storage bin
rabbit	in	bunny hutch
bird	on	wire fence
book	in	collection box
fish	in	fishbowl
book	in	bag of tricks
person	on	seesaw
cat	under	porch
rabbit	in	rabbit pen
flower	in	bouquet arrangement
book	on	bookend
car	on	ferry boat
cat	on	chair back
rabbit	on	garden fence
book	on	magazine rack holder
cat	in	cardboard box fort
cat	beside	fishbowl
rabbit	beside	basket
baby	in	carrier
child	in	swimming pool
boy	in	kiddie pool
child	on	rock
girl	in	swing set
house	near	forest
tree	behind	door
girl	beside	bike
boy	behind	chair
boy	behind	shed
table	beside	bar
girl	beside	beach
picture	beside	clock
table	above	stairs
boy	behind	bush
table	beside	tablecloth
book	above	fireplace
picture	beside	fireplace
bike	inside	garage
man	above	ladder
man	above	ceiling
pen	on	notepad
man	above	billboard
fish	near	feeder
dog	beside	bridge
man	in	garage
car	near	rest stop
man	above	scaffolding
girl	in	treehouse
man	above	rooftop
girl	in	gym
car	near	ferry
chair	near	wall
bird	below	nest
boy	above	slide
ball	near	hoop
bird	below	feeder
table	near	wall
book	near	bookshelf
boy	above	ladder
kite	above	mountain
book	near	chair
boy	above	tree
dog	in	alleyway
bike	in	driveway
bottle	on	counter
fruit	in	basket
coat	on	hanger
photo	in	frame
flower	in	window box
vase	on	sideboard
vase	in	display case
picture	on	display
flower	on	altar
picture	on	plaque
chair	on	porch swing
bag	on	rack
flower	beside	plate
leaf	on	bush
rabbit	on	floor
rabbit	on	hutch
picture	on	paper
rabbit	on	ground
hat	in	box
pen	on	counter
book	beside	bookend
bike	on	porch
pen	in	marker
bird	on	twig
bike	on	bikepath
child	at	table
bird	over	ocean
man	at	workbench
child	at	piano
man	at	podium
child	in	jungle gym
ball	under	bleachers
picture	on	hook
picture	on	panel
chair	under	balcony
bird	over	river
man	at	lectern
picture	above	staircase
picture	on	wall sconce
car	on	toll road
glass	in	hand
person	beside	pillar
leaf	on	leaflet
cat	beside	cat tower
glass	in	glass case
glass	on	saucer
leaf	on	vine
glass	in	glass jar
glass	on	plate
pen	on	desk pad
glass	in	glass vase
glass	on	plate stand
key	in	keychain pouch
picture	on	picture wire
glass	in	glass case lockbox
bike	in	bike shop
kid	beside	friend
kid	in	treehouse
chair	in	caf
rabbit	on	track
pen	on	calendar
kid	in	daycare
doll	in	nursery
bookshelf	beside	desk
key	beside	keychain
girl	in	uniform
mouse	on	laptop
chair	in	meeting
picture	on	wallboard
mouse	beside	speaker
chair	in	studio
box	above	shelf
kid	in	boat
bike	above	bridge
chair	beside	garden
dog	above	hill
rabbit	on	farm
snake	in	bushes
kid	on	surfboard
car	above	airport
girl	above	sea
cat	on	rooftop
kid	in	cave
bike	above	highway
snake	above	mountain
chair	beside	park
bird	under	bridge
fish	under	rock
bird	under	leaf
book	beside	lampshade
cat	beside	feeding station
cat	in	window sill
fish	under	dock
book	on	magazine stand
box	in	inventory
boat	on	harbor
bookshelf	beside	wall
horse	in	field
man	on	camel
boy	on	roller skates
bird	beside	branch
cat	in	catbox
bird	in	nestbox
chair	on	roof
chair	in	hall
box	beside	container
house	on	foundation
cat	on	lapdog
man	in	study
bird	perched	fence
bird	on	rooftop
car	in	bus station
man	in	caf
car	on	motorway
picture	on	computer
child	on	escalator
man	in	movie theater
car	on	beach road
dog	near	school
dog	next	door
kid	at	play
girl	at	table
car	at	gas
boy	at	desk
car	at	airport
bike	on	bike
boy	in	class
boat	at	dock
man	at	computer
dog	off	cliff
boat	on	ocean
girl	at	piano
dog	behind	wall
person	in	lab
car	at	stop
person	in	court
girl	at	play
leaf	above	grass
leaf	under	branch
leaf	above	ground
key	in	puzzle
snake	under	bush
leaf	above	wave
chair	in	garden
leaf	above	flower
person	beside	cliff
dog	on	cushion
car	beside	station
leaf	above	lake
cat	above	dog
table	under	loft
rabbit	on	food
clock	in	laundry room
cat	beside	water bowl
clock	in	closet
boy	behind	mom
flower	beside	door
picture	on	windowpane
house	near	river
fish	below	water
man	in	doorway
cat	inside	car
fish	below	surface
bike	next	park
child	at	playground
child	in	classroom
child	in	carseat
child	at	birthday party
book	on	shelf near window
key	in	ignition lock
bird	perched	branch in a tree
dog	near	campfire
egg	in	carton
hen	in	coop
lady	in	garden
lamp	on	nightstand
monkey	in	jungle
paper	on	paperclip
parrot	on	perch
pig	in	sty
rodent	in	hole
table	under	staircase
taxi	on	road
umbrella	in	rain
fox	in	den
game	on	console
hen	on	fence
image	on	screen
lady	in	house
lion	in	cage
note	on	board
pig	on	trotter
robot	in	factory
school	on	campus
teddy	in	bed
tire	on	wheel
turkey	on	farm
turtle	in	pond
worm	in	soil
boy	behind	curtain
boy	near	lake
woman	near	bench
man	near	harbor
pen	in	case
woman	near	park
ball	in	mitt
man	near	pier
man	behind	screen
man	in	gallery
boy	in	yard
girl	near	pool
woman	in	salon
man	near	dock
boy	on	slide
girl	near	shore
woman	in	coffee shop
boy	behind	fence
bird	under	roof
baby	on	changing table
shoe	beside	other shoe
book	beside	booklight
child	on	sled
child	in	swing set
shoe	beside	doorway
rabbit	in	cage feeder
child	in	daycare
child	in	amusement park
rabbit	beside	carrot stick
chair	in	livingroom
bird	above	park
clock	on	clocktower
door	behind	house
lamp	in	room
tree	above	beach
cup	beside	cup
bird	above	park bench
cup	on	cup holder
person	above	lake
girl	behind	girl
boy	on	shoulder
boy	above	ground
boy	in	game
cup	in	fridge
flower	above	flowers
cat	beside	friend
boy	above	water
girl	behind	tree
flower	beside	road
boy	on	rock
key	in	envelope
apple	on	kitchen counter
cat	in	tree
boy	on	waterslide
girl	on	unicycle
girl	on	pogo stick
boy	on	rope swing
girl	in	treehouse branch
boy	in	playground slide
boy	on	mountain bike
girl	in	pool house
dog	under	tablecloth
rabbit	in	cage floor
girl	on	rocking horse
boy	on	skateboard ramp near pool
boy	in	garage storage
suitcase	in	hotel
book	next to	chair
clock	beside	clock
suitcase	in	suitcase
computer	in	server
mouse	on	wheel
rabbit	in	run
mouse	on	table
man	behind	tree
clock	on	side table
picture	above	sofa
bookshelf	on	table
bicycle	behind	car
bicycle	on	chain
boat	in	mooring
cat	on	pillar
boy	above	mountain
man	above	boat
woman	above	plane
boy	under	stairs
tree	above	mountain range
chair	above	table
dog	beside	boy
woman	above	mountain
man	on	stool
man	above	mountain range
pencil	on	eraser
phone	on	coffee table
box	inside	carton
rabbit	outside	cage
shoe	in	rack
shoe	on	shoe rack
box	in	bag
shoe	on	shoe stand
shoe	on	bench
box	on	storage
shoe	on	stand
coin	in	piggy bank
bird	above	grass
toy	beside	chair
doll	in	pram
hat	in	hat rack
ball	in	ball pit
person	behind	screen
book	in	carton
cat	beside	lamp
car	in	storage room
car	on	roadsign
cat	behind	tree
river	below	mountain
cat	above	mouse
snake	on	leaf
bird	below	cloud
box	above	box
bike	in	station
picture	on	refrigerator
bird	in	orchard
person	beside	piano
picture	on	whiteboard
car	in	garage door
bike	beside	hedge
book	on	shelf in library
bike	on	stand outside house
flower	beside	tree
bag	beside	purse
bike	beside	motorcycle
key	on	keychain holder
key	on	keyring holder
cat	beside	cat bed
person	beside	companion
phone	beside	clock
bag	on	bag tag
book	on	night table
leaf	on	leafless branch
child	under	stroller
child	on	bench
bird	in	hollow
cat	beside	piano
lamp	on	stand
book	on	stool
man	in	bed
cat	beside	fish tank
dog	near	fire
woman	on	bridge
book	near	fire
man	at	beach
woman	in	gym
book	near	coffee table
woman	in	gallery
woman	near	pond
butterfly	near	flower
man	at	wheel
flowers	on	path
butterfly	in	air
house	in	estate
child	on	hip
woman	at	desk
flowers	in	bouquet
ball	in	water
child	at	dinner
tree	in	woodland
tree	beside	bench
door	behind	closet
dog	next to	person
chair	at	picnic
dog	beside	lake
table	beside	bookshelf
chair	at	wedding
chair	at	picnic table
clock	on	desk
dog	off	highway
child	in	swing
car	in	garage bay
dog	off	porch
car	in	tollway
bird	on	branch tip
book	on	shelf unit
car	on	crosswalk
bird	in	aviary net
dog	in	puppy pen
flower	in	bouquet holder
person	in	ambulance
chair	beside	fireplace hearth
key	in	desk drawer
doll	beside	dollhouse
shoe	on	heel
doll	on	tablecloth
shoe	in	wardrobe
key	on	ignition
pen	in	container
picture	in	photograph
dog	beside	neighbor
bike	on	wheel
bike	near	house
bird	soaring	clouds
flower	in	window
bird	flying	wind
bird	flying	mountains
chair	behind	desk
flower	above	table
person	beside	bike
cat	above	table
person	above	city
toy	in	sandbox
phone	on	charger
bike	locked	fence
cat	beside	plate
ball	in	stadium
woman	beside	river
person	beside	street
woman	in	shower
woman	in	bedroom
cat	above	birdcage
rabbit	beside	carrots
cat	beside	cat litter box
bird	beside	bird feeder
dog	beneath	table
rabbit	beside	food dish
book	above	fireplace mantel
picture	beside	window
person	behind	person
clock	above	doorway
chair	beside	chair cushion
rabbit	in	cage stand
person	in	storage room
rabbit	beside	hiding place
tree	under	sky
book	in	hands
car	on	bus
bird	over	lake
car	on	side of road
bird	on	clothesline
cat	on	roof top
key	in	house key
car	on	speedometer
car	on	main road
cat	on	back of couch
key	in	door handle
car	on	parking garage
tree	next to	building
cat	in	bush
snake	in	jungle
snake	in	bush
glass	on	coaster
table	near	kitchen
key	in	desk
cup	in	microwave
plant	on	patio
plant	in	aquarium
bag	on	bag
flower	on	lawn
doll	in	closet
fruit	on	tree
pet	in	carrier
toy	beside	teddy
toy	in	puzzle
toy	in	cabinet
person	on	ship
toy	beside	table
book	beside	coffee
car	near	stoplight
woman	on	catwalk
dog	near	neighbor
cat	in	catio
hat	beside	coat
bird	beside	tree
baby	on	blanket
baby	in	cradle
flower	beside	garden gate
baby	in	pram
bike	in	yard
baby	on	bed
girl	in	airplane
tree	over	hill
dog	beside	rabbit
person	above	clouds
boy	in	jungle
girl	in	shopping
car	on	route
person	above	skyscraper
man	above	chair
rabbit	beside	friend
person	near	computer
chair	above	desk
dog	on	tile
car	in	bus
bird	under	bush
car	near	train station
bird	above	landscape
chair	in	office building
person	in	line at atm
book	beside	calendar
chair	on	landing
boat	in	cove
picture	on	phone
boy	at	school
book	near	reading chair
boy	at	bus stop
man	behind	doorbell
boy	at	playground
phone	on	table lamp
book	near	author
car	in	wash
man	above	diving board
chair	beside	fireplace mantel
phone	in	pocket protector
dog	behind	sofa
bird	above	desert
computer	on	workstation
cat	on	railing
box	in	cellar
cat	on	sill
toy	beside	bookshelf
book	beside	tv
doll	on	pillow
picture	beside	door
boy	in	shower
flower	on	hill
boat	beside	dock
dog	in	kennelhouse
boy	in	hospitalroom
car	in	parkinglot
ball	on	racketstring
cat	in	laundrybasket
dog	on	porchstep
person	in	hotairplane
boy	in	rehabilitation
car	on	highwayonramp
dog	in	dogrun
girl	in	gymnasium
ball	in	basketfull
dog	beside	sofa
woman	above	cloud
person	above	mountains
bicycle	on	trailer
boy	in	kayak
cat	in	hamster ball
woman	beside	beach
bicycle	on	train tracks
bird	above	mountain range
person	beside	park
person	above	sky
dog	beside	dogwalker
cat	under	sink
ball	in	jar
bicycle	in	shop
pen	in	bottle
flower	on	plate
picture	above	mirror
pen	on	pad
snake	in	rock
vase	on	cabinet
bottle	in	wine cellar
rabbit	in	sanctuary
woman	on	boat
man	in	cabin
clock	in	skyscraper
toy	on	tablecloth
dog	behind	chair
cup	in	pitcher
box	on	stand
girl	in	play
cup	in	thermos
bird	in	wind
woman	above	baby
rabbit	above	burrow
clock	beside	radio
picture	beside	picture frame
dog	above	fire hydrant
house	in	countryside
rabbit	in	hiding place
man	above	cliff
woman	on	staircase
house	above	sea
flower	above	tree
man	on	mountain trail
chair	above	floor
suitcase	in	attic
pet	in	crate
house	on	waterfront
child	in	playhouse
table	in	dining
computer	on	keyboard
boy	in	swimming
table	in	living
girl	beside	baby
table	beside	tv
bird	above	canyon
child	on	piggyback
shoe	beside	table
pen	on	note
car	above	tree
book	at	person
woman	in	doorway
toy	in	room
book	between	two books
bike	on	wall
man	near	house
bird	near	branch
person	in	hallway
car	near	park
tree	under	power line
student	in	office
student	on	stage
student	on	campus
student	in	dormitory
cat	beside	sink
person	in	concert hall
dog	beside	park bench
man	at	counter
computer	on	laptop
person	near	camera
cat	under	sofa
key	under	cushion
kite	flying	sky
fish	beneath	surface
chair	in	bedroom
car	stopped	traffic
car	driving	mountain
car	speeding	autobahn
bird	in	aviary cage
bird	flying	flock
car	above	carport
car	above	garage door
picture	on	tablecloth
car	in	ramp
clock	beside	clock tower
car	in	dock
person	in	cabin
car	behind	tanker
picture	in	portfolio box
car	in	ferry
car	behind	snowplow
car	behind	cement truck
book	beside	wastebasket
person	above	mountain peak
car	in	dockyard
dog	in	hutch
car	behind	snowcat
person	in	dormitory
car	in	hangar
car	above	overpass highway
cat	in	boxspring
city	near	highway
tree	near	bridge
bird	in	bushel
tree	above	pool
car	in	traffic circle
house	in	community
car	in	service road
bird	in	thistle
car	above	mountain
bird	on	telephone wire
ball	in	racket
book	in	library bag
person	in	airplane cockpit
tree	in	forest fire zone
girl	behind	bicycle
child	holding	hand
chair	near	staircase
cat	in	darkness
girl	near	teacher
child	playing	outside
chair	near	pool
man	in	group
boy	next	sister
kid	on	shoulders
snake	in	snakebite
boy	in	fort
man	on	construction
woman	in	spa
